Workbook
Name Slicer_GeoEntityName: #N/A
Name Slicer_GeoName: #N/A
Name Slicer_Normal_Month: #N/A

Sheet Dashboard
A1: CURRENT DATE | B1: =TODAY() -> 44914 | D1: CURRENT TIME | E1: =NOW() -> 44914.654 | F1: GEO DATA DASHBOARD
F4: =GETPIVOTDATA("GeoCode",'Yearly Shares by Geo Name'!$J$2) -> 96
Q15: Highest Detail Info.
Q16: Highest Ave. Price | R16: =_xlfn.IFNA(INDEX('Geo Name by Ave. Price'!A17:E17,MATCH(Dashboard!$Q16,'Geo Name by Ave. Price'!$A$16:$E$16,0)),"") -> 2599849
J18: Yearly Ave. Price Trend | Q18: Lowest Detail Info.
J19: Geo Name | K19: ='Yearly Shares by Geo Name'!B4 -> 2018 | L19: ='Yearly Shares by Geo Name'!C4 -> 2019 | M19: ="Yearly % of "&K19 -> Yearly % of 2018 | N19: ="Yearly % of "&L19 -> Yearly % of 2019 | Q19: Lowest Ave. Price | R19: =_xlfn.IFNA(INDEX('Geo Name by Ave. Price'!A20:E20,MATCH(Dashboard!$Q19,'Geo Name by Ave. Price'!$A$19:$E$19,0)),"") -> 1862269
J20: =_xlfn.IFNA(IF('Yearly Shares by Geo Name'!A5=0,"",'Yearly Shares by Geo Name'!A5),"") -> Boston | K20: {=_xlfn.IFNA(VLOOKUP($J$20:$J$27,'Yearly Shares by Geo Name'!$A$5:$C$12,2,0),"")} -> 307722 | L20: {=_xlfn.IFNA(VLOOKUP($J$20:$J$27,'Yearly Shares by Geo Name'!$A$5:$C$12,3,0),"")} -> 1554547 | M20: =IFERROR($K20/SUM($K$20:$K$27),"") -> 0.10590966 | N20: =IFERROR($L20/SUM($L$20:$L$27),"") -> 0.10634487
J21: =_xlfn.IFNA(IF('Yearly Shares by Geo Name'!A6=0,"",'Yearly Shares by Geo Name'!A6),"") -> East Lindsey | K21: 351014 | L21: 1790193 | M21: =IFERROR($K21/SUM($K$20:$K$27),"") -> 0.12080961 | N21: =IFERROR($L21/SUM($L$20:$L$27),"") -> 0.12246516
J22: =_xlfn.IFNA(IF('Yearly Shares by Geo Name'!A7=0,"",'Yearly Shares by Geo Name'!A7),"") -> Lincoln | K22: 306906 | L22: 1559606 | M22: =IFERROR($K22/SUM($K$20:$K$27),"") -> 0.10562881 | N22: =IFERROR($L22/SUM($L$20:$L$27),"") -> 0.10669095
J23: =_xlfn.IFNA(IF('Yearly Shares by Geo Name'!A8=0,"",'Yearly Shares by Geo Name'!A8),"") -> Lincolnshire | K23: 369213 | L23: 1858266 | M23: =IFERROR($K23/SUM($K$20:$K$27),"") -> 0.12707321 | N23: =IFERROR($L23/SUM($L$20:$L$27),"") -> 0.12712196
J24: =_xlfn.IFNA(IF('Yearly Shares by Geo Name'!A9=0,"",'Yearly Shares by Geo Name'!A9),"") -> North Kesteven | K24: 422911 | L24: 2097588 | M24: =IFERROR($K24/SUM($K$20:$K$27),"") -> 0.14555462 | N24: =IFERROR($L24/SUM($L$20:$L$27),"") -> 0.14349372
J25: =_xlfn.IFNA(IF('Yearly Shares by Geo Name'!A10=0,"",'Yearly Shares by Geo Name'!A10),"") -> South Holland | K25: 381215 | L25: 1892033 | M25: =IFERROR($K25/SUM($K$20:$K$27),"") -> 0.13120398 | N25: =IFERROR($L25/SUM($L$20:$L$27),"") -> 0.12943192
J26: =_xlfn.IFNA(IF('Yearly Shares by Geo Name'!A11=0,"",'Yearly Shares by Geo Name'!A11),"") -> South Kesteven | K26: 432549 | L26: 2167300 | M26: =IFERROR($K26/SUM($K$20:$K$27),"") -> 0.14887177 | N26: =IFERROR($L26/SUM($L$20:$L$27),"") -> 0.14826264
J27: =_xlfn.IFNA(IF('Yearly Shares by Geo Name'!A12=0,"",'Yearly Shares by Geo Name'!A12),"") -> West Lindsey | K27: 333984 | L27: 1698445 | M27: =IFERROR($K27/SUM($K$20:$K$27),"") -> 0.11494834 | N27: =IFERROR($L27/SUM($L$20:$L$27),"") -> 0.11618878

Sheet Geo Name by Ave. Price
A2: GeoEntityName | B2: (All)
A4: GeoName | B4: Sum of AveragePrice | C4: Sum of AveragePriceDetached | D4: Sum of AveragePriceSemiDetached | E4: Sum of AveragePriceTerraced | F4: Sum of AveragePriceFlatOrMaisonette
A5: Boston | B5: 1862269 | C5: 2562008 | D5: 1597508 | E5: 1277734 | F5: 981016
A6: East Lindsey | B6: 2141207 | C6: 2647689 | D6: 1818459 | E6: 1440680 | F6: 1074697
A7: Lincoln | B7: 1866512 | C7: 2997774 | D7: 2018758 | E7: 1551973 | F7: 1254657
A8: Lincolnshire | B8: 2227479 | C8: 2937973 | D8: 1968873 | E8: 1588296 | F8: 1193343
A9: North Kesteven | B9: 2520499 | C9: 3059541 | D9: 2074895 | E9: 1717015 | F9: 1230401
A10: South Holland | B10: 2273248 | C10: 2822285 | D10: 1924961 | E10: 1565259 | F10: 1034825
A11: South Kesteven | B11: 2599849 | C11: 3655882 | D11: 2357764 | E11: 1895080 | F11: 1324372
A12: West Lindsey | B12: 2032429 | C12: 2679158 | D12: 1734555 | E12: 1408434 | F12: 1108684
A16: Highest Ave. Price | B16: Highest Ave. Price Detached | C16: Highest Ave. Price Semi Detached | D16: Highest Ave. Price Terraced | E16: Highest Ave. Price Flat/Maisonette
A17: =MAX(B5:B12) -> 2599849 | B17: =MAX(C5:C12) -> 3655882 | C17: =MAX(D5:D12) -> 2357764 | D17: =MAX(E5:E12) -> 1895080 | E17: =MAX(F5:F12) -> 1324372 | F17: =_xlfn.CONCAT(INDEX(A5:A12,MATCH($A17,B5:B12,0))," Geo Name is the ",A16,", ",B16,", ",C16,", ",D16," and ",E16) -> South Kesteven Geo Name is the Highest Ave. Price, Highest Ave. Price Detached, Highest Ave. Price Semi Detached, Highest Ave. Price Terraced and Highest Ave. Price Flat/Maisonette
A19: Lowest Ave. Price | B19: Lowest Ave. Price Detached | C19: Lowest Ave. Price Semi Detached | D19: Lowest Ave. Price Terraced | E19: Lowest Ave. Price Flat/Maisonette
A20: =MIN(B5:B12) -> 1862269 | B20: =MIN(C5:C12) -> 2562008 | C20: =MIN(D5:D12) -> 1597508 | D20: =MIN(E5:E12) -> 1277734 | E20: =MIN(F5:F12) -> 981016
A22: Total Average Price | B22: Total Ave. Price Detached | C22: Total Ave. Price Semi Detached | D22: Total Ave. Price Terraced | E22: Total Ave. Price Flat/Maisonette
A23: =SUM(B$5:B$12) -> 17523492 | B23: =SUM(C$5:C$12) -> 23362310 | C23: =SUM(D$5:D$12) -> 15495773 | D23: =SUM(E$5:E$12) -> 12444471 | E23: =SUM(F$5:F$12) -> 9201995

Sheet Yearly Shares by Geo Name
J2: Count of GeoCode
A3: Sum of AveragePrice | B3: Normal Month | J3: 96 | K3: =GETPIVOTDATA("GeoCode",$J$2) -> 96
A4: GeoName | B4: 2018 | C4: 2019
A5: Boston | B5: 307722 | C5: 1554547
A6: East Lindsey | B6: 351014 | C6: 1790193
A7: Lincoln | B7: 306906 | C7: 1559606
A8: Lincolnshire | B8: 369213 | C8: 1858266
A9: North Kesteven | B9: 422911 | C9: 2097588
A10: South Holland | B10: 381215 | C10: 1892033
A11: South Kesteven | B11: 432549 | C11: 2167300
A12: West Lindsey | B12: 333984 | C12: 1698445

Sheet house-prices
A1: OrganisationLabel | B1: OrganisationURI | C1: PublishedDate | D1: LatestData | E1: DurationFrom | F1: DurationTo | G1: ReportingPeriodType | H1: Month | I1: Normal Month | J1: GeoEntityName | K1: GeoCode | L1: GeoName | M1: GeoURI | N1: AveragePrice | O1: AveragePriceDetached | P1: AveragePriceSemiDetached | Q1: AveragePriceTerraced | R1: AveragePriceFlatOrMaisonette
A2: Lincolnshire | B2: http://opendatacommunities.org/id/county-council/lincolnshire | C2: 2019-11-20T00:00:00 | D2: TRUE | E2: 2019-10-01T00:00:00 | F2: 2019-10-30T23:23:59 | H2: 2019-10 | I2: =LEFT(H2,4) -> 2019 | J2: County | K2: E10000019 | L2: Lincolnshire | M2: http://statistics.data.gov.uk/doc/statistical-geography/E10000019 | N2: 190317 | O2: 251377 | P2: 168595 | Q2: 135769 | R2: 99165 | T2: Ans 1: | U2: =_xlfn.MAXIFS(R:R,J:J,"District Council") -> 113158 | W2: =IF(J2="District Council",MAX(R:R),"")
A3: Lincolnshire | B3: http://opendatacommunities.org/id/county-council/lincolnshire | C3: 2019-11-20T00:00:00 | D3: TRUE | E3: 2019-10-01T00:00:00 | F3: 2019-10-30T23:23:59 | H3: 2019-10 | I3: =LEFT(H3,4) -> 2019 | J3: District Council | K3: E07000136 | L3: Boston | M3: http://statistics.data.gov.uk/doc/statistical-geography/E07000136 | N3: 148645 | O3: 204639 | P3: 127749 | Q3: 102068 | R3: 76677 | T3: Ans 2: | U3: =_xlfn.MINIFS(P:P,J:J,"District Council",I:I,"2019") -> 127749
A4: Lincolnshire | B4: http://opendatacommunities.org/id/county-council/lincolnshire | C4: 2019-11-20T00:00:00 | D4: TRUE | E4: 2019-10-01T00:00:00 | F4: 2019-10-30T23:23:59 | H4: 2019-10 | I4: =LEFT(H4,4) -> 2019 | J4: District Council | K4: E07000137 | L4: East Lindsey | M4: http://statistics.data.gov.uk/doc/statistical-geography/E07000137 | N4: 183746 | O4: 227343 | P4: 156344 | Q4: 123702 | R4: 90088 | T4: Ans 3: | U4: =_xlfn.MAXIFS(N:N,J:J,"District Council") -> 225459
A5: Lincolnshire | B5: http://opendatacommunities.org/id/county-council/lincolnshire | C5: 2019-11-20T00:00:00 | D5: TRUE | E5: 2019-10-01T00:00:00 | F5: 2019-10-30T23:23:59 | H5: 2019-10 | I5: =LEFT(H5,4) -> 2019 | J5: District Council | K5: E07000138 | L5: Lincoln | M5: http://statistics.data.gov.uk/doc/statistical-geography/E07000138 | N5: 156762 | O5: 251991 | P5: 170338 | Q5: 130887 | R5: 103079 | T5: Ans 4: | U5: None
A6: Lincolnshire | B6: http://opendatacommunities.org/id/county-council/lincolnshire | C6: 2019-11-20T00:00:00 | D6: TRUE | E6: 2019-10-01T00:00:00 | F6: 2019-10-30T23:23:59 | H6: 2019-10 | I6: =LEFT(H6,4) -> 2019 | J6: District Council | K6: E07000139 | L6: North Kesteven | M6: http://statistics.data.gov.uk/doc/statistical-geography/E07000139 | N6: 217448 | O6: 263722 | P6: 179488 | Q6: 148310 | R6: 104026
A7: Lincolnshire | B7: http://opendatacommunities.org/id/county-council/lincolnshire | C7: 2019-11-20T00:00:00 | D7: TRUE | E7: 2019-10-01T00:00:00 | F7: 2019-10-30T23:23:59 | H7: 2019-10 | I7: =LEFT(H7,4) -> 2019 | J7: District Council | K7: E07000140 | L7: South Holland | M7: http://statistics.data.gov.uk/doc/statistical-geography/E07000140 | N7: 193038 | O7: 239726 | P7: 163823 | Q7: 132916 | R7: 85788
A8: Lincolnshire | B8: http://opendatacommunities.org/id/county-council/lincolnshire | C8: 2019-11-20T00:00:00 | D8: TRUE | E8: 2019-10-01T00:00:00 | F8: 2019-10-30T23:23:59 | H8: 2019-10 | I8: =LEFT(H8,4) -> 2019 | J8: District Council | K8: E07000141 | L8: South Kesteven | M8: http://statistics.data.gov.uk/doc/statistical-geography/E07000141 | N8: 225459 | O8: 317157 | P8: 204871 | Q8: 164583 | R8: 112596
A9: Lincolnshire | B9: http://opendatacommunities.org/id/county-council/lincolnshire | C9: 2019-11-20T00:00:00 | D9: TRUE | E9: 2019-10-01T00:00:00 | F9: 2019-10-30T23:23:59 | H9: 2019-10 | I9: =LEFT(H9,4) -> 2019 | J9: District Council | K9: E07000142 | L9: West Lindsey | M9: http://statistics.data.gov.uk/doc/statistical-geography/E07000142 | N9: 177666 | O9: 234278 | P9: 151866 | Q9: 123096 | R9: 94936
A10: Lincolnshire | B10: http://opendatacommunities.org/id/county-council/lincolnshire | C10: 2019-11-20T00:00:00 | E10: 2019-09-01T00:00:00 | F10: 2019-09-30T23:23:59 | G10: Month | H10: 2019-09 | I10: =LEFT(H10,4) -> 2019 | J10: County | K10: E10000019 | L10: Lincolnshire | M10: http://statistics.data.gov.uk/doc/statistical-geography/E10000019 | N10: 187606 | O10: 247212 | P10: 165771 | Q10: 134437 | R10: 99378
A11: Lincolnshire | B11: http://opendatacommunities.org/id/county-council/lincolnshire | C11: 2019-11-20T00:00:00 | E11: 2019-09-01T00:00:00 | F11: 2019-09-30T23:23:59 | G11: Month | H11: 2019-09 | I11: =LEFT(H11,4) -> 2019 | J11: District Council | K11: E07000136 | L11: Boston | M11: http://statistics.data.gov.uk/doc/statistical-geography/E07000136 | N11: 152057 | O11: 208911 | P11: 130407 | Q11: 104823 | R11: 79814
A12: Lincolnshire | B12: http://opendatacommunities.org/id/county-council/lincolnshire | C12: 2019-11-20T00:00:00 | E12: 2019-09-01T00:00:00 | F12: 2019-09-30T23:23:59 | G12: Month | H12: 2019-09 | I12: =LEFT(H12,4) -> 2019 | J12: District Council | K12: E07000137 | L12: East Lindsey | M12: http://statistics.data.gov.uk/doc/statistical-geography/E07000137 | N12: 179884 | O12: 222265 | P12: 152846 | Q12: 121562 | R12: 89425
A13: Lincolnshire | B13: http://opendatacommunities.org/id/county-council/lincolnshire | C13: 2019-11-20T00:00:00 | E13: 2019-09-01T00:00:00 | F13: 2019-09-30T23:23:59 | G13: Month | H13: 2019-09 | I13: =LEFT(H13,4) -> 2019 | J13: District Council | K13: E07000138 | L13: Lincoln | M13: http://statistics.data.gov.uk/doc/statistical-geography/E07000138 | N13: 155403 | O13: 248942 | P13: 167867 | Q13: 129763 | R13: 103813
A14: Lincolnshire | B14: http://opendatacommunities.org/id/county-council/lincolnshire | C14: 2019-11-20T00:00:00 | E14: 2019-09-01T00:00:00 | F14: 2019-09-30T23:23:59 | G14: Month | H14: 2019-09 | I14: =LEFT(H14,4) -> 2019 | J14: District Council | K14: E07000139 | L14: North Kesteven | M14: http://statistics.data.gov.uk/doc/statistical-geography/E07000139 | N14: 211486 | O14: 256451 | P14: 174149 | Q14: 144661 | R14: 102284
A15: Lincolnshire | B15: http://opendatacommunities.org/id/county-council/lincolnshire | C15: 2019-11-20T00:00:00 | E15: 2019-09-01T00:00:00 | F15: 2019-09-30T23:23:59 | G15: Month | H15: 2019-09 | I15: =LEFT(H15,4) -> 2019 | J15: District Council | K15: E07000140 | L15: South Holland | M15: http://statistics.data.gov.uk/doc/statistical-geography/E07000140 | N15: 188314 | O15: 233515 | P15: 159604 | Q15: 130298 | R15: 84893
A16: Lincolnshire | B16: http://opendatacommunities.org/id/county-council/lincolnshire | C16: 2019-11-20T00:00:00 | E16: 2019-09-01T00:00:00 | F16: 2019-09-30T23:23:59 | G16: Month | H16: 2019-09 | I16: =LEFT(H16,4) -> 2019 | J16: District Council | K16: E07000141 | L16: South Kesteven | M16: http://statistics.data.gov.uk/doc/statistical-geography/E07000141 | N16: 223522 | O16: 314172 | P16: 202533 | Q16: 163567 | R16: 112851
A17: Lincolnshire | B17: http://opendatacommunities.org/id/county-council/lincolnshire | C17: 2019-11-20T00:00:00 | E17: 2019-09-01T00:00:00 | F17: 2019-09-30T23:23:59 | G17: Month | H17: 2019-09 | I17: =LEFT(H17,4) -> 2019 | J17: District Council | K17: E07000142 | L17: West Lindsey | M17: http://statistics.data.gov.uk/doc/statistical-geography/E07000142 | N17: 175429 | O17: 231071 | P17: 149558 | Q17: 122020 | R17: 94781
A18: Lincolnshire | B18: http://opendatacommunities.org/id/county-council/lincolnshire | C18: 2019-11-20T00:00:00 | E18: 2019-08-01T00:00:00 | F18: 2019-08-31T23:23:59 | G18: Month | H18: 2019-08 | I18: =LEFT(H18,4) -> 2019 | J18: County | K18: E10000019 | L18: Lincolnshire | M18: http://statistics.data.gov.uk/doc/statistical-geography/E10000019 | N18: 186696 | O18: 245728 | P18: 165145 | Q18: 133739 | R18: 99527
A19: Lincolnshire | B19: http://opendatacommunities.org/id/county-council/lincolnshire | C19: 2019-11-20T00:00:00 | E19: 2019-08-01T00:00:00 | F19: 2019-08-31T23:23:59 | G19: Month | H19: 2019-08 | I19: =LEFT(H19,4) -> 2019 | J19: District Council | K19: E07000136 | L19: Boston | M19: http://statistics.data.gov.uk/doc/statistical-geography/E07000136 | N19: 157508 | O19: 216322 | P19: 135228 | Q19: 108464 | R19: 82827
A20: Lincolnshire | B20: http://opendatacommunities.org/id/county-council/lincolnshire | C20: 2019-11-20T00:00:00 | E20: 2019-08-01T00:00:00 | F20: 2019-08-31T23:23:59 | G20: Month | H20: 2019-08 | I20: =LEFT(H20,4) -> 2019 | J20: District Council | K20: E07000137 | L20: East Lindsey | M20: http://statistics.data.gov.uk/doc/statistical-geography/E07000137 | N20: 178854 | O20: 220910 | P20: 152059 | Q20: 120767 | R20: 89351
A21: Lincolnshire | B21: http://opendatacommunities.org/id/county-council/lincolnshire | C21: 2019-11-20T00:00:00 | E21: 2019-08-01T00:00:00 | F21: 2019-08-31T23:23:59 | G21: Month | H21: 2019-08 | I21: =LEFT(H21,4) -> 2019 | J21: District Council | K21: E07000138 | L21: Lincoln | M21: http://statistics.data.gov.uk/doc/statistical-geography/E07000138 | N21: 155817 | O21: 249527 | P21: 168544 | Q21: 129991 | R21: 104122
... A97: Lincolnshire | B97: http://opendatacommunities.org/id/county-council/lincolnshire | C97: 2019-11-20T00:00:00 | E97: 2018-11-01T00:00:00 | F97: 2018-11-31T23:59:59 | G97: Month | H97: 2018-11 | I97: =LEFT(H97,4) -> 2018 | J97: District Council | K97: E07000142 | L97: West Lindsey | M97: http://statistics.data.gov.uk/doc/statistical-geography/E07000142 | N97: 167592 | O97: 221197 | P97: 142870 | Q97: 115942 | R97: 91849
