Workbook

Sheet Groups
A1: Vehicle Type | D1: WEEK GROUP
A2: Mini Bus | B2: A | D2: WK 1 | E2: WK 3
A3: Mini Truck | B3: B | D3: WK 2 | E3: WK 4
A4: Tricycle | B4: C | D4: WK 5 | E4: WK 7
A5: Van | B5: D | D5: WK 6 | E5: WK 8
D6: WK 9 | E6: WK 11
D7: WK 10 | E7: WK 12
D8: WK 13 | E8: WK 15
D9: WK 14 | E9: WK 16
D10: WK 17 | E10: WK 19
D11: WK 18 | E11: WK 20
D12: WK 21 | E12: WK 23
D13: WK 22 | E13: WK 24
D14: WK 25 | E14: WK 27
D15: WK 26 | E15: WK 28
D16: WK 29 | E16: WK 31
D17: WK 30 | E17: WK 32
... D27: WK 50 | E27: WK 52

Sheet Full Automated Hybrid
A1: START DATE | B1: =TODAY() -> 45065 | C1: TRACKER | D1: OFF | E1: ON | J1: Count of Days Off | K1: =IF(COUNTIF(K$5:K$450,"OFF")=0,"",COUNTIF(K$5:K$450,"OFF")) | L1: =IF(COUNTIF(L$5:L$450,"OFF")=0,"",COUNTIF(L$5:L$450,"OFF")) | M1: =IF(COUNTIF(M$5:M$450,"OFF")=0,"",COUNTIF(M$5:M$450,"OFF")) -> 56 | N1: =IF(COUNTIF(N$5:N$450,"OFF")=0,"",COUNTIF(N$5:N$450,"OFF")) -> 55 | O1: =IF(COUNTIF(O$5:O$450,"OFF")=0,"",COUNTIF(O$5:O$450,"OFF")) -> 56 | P1: =IF(COUNTIF(P$5:P$450,"OFF")=0,"",COUNTIF(P$5:P$450,"OFF")) -> 56 | Q1: =IF(COUNTIF(Q$5:Q$450,"OFF")=0,"",COUNTIF(Q$5:Q$450,"OFF")) | R1: =IF(COUNTIF(R$5:R$450,"OFF")=0,"",COUNTIF(R$5:R$450,"OFF")) | ... AO1: =IF(COUNTIF(AO$5:AO$450,"OFF")=0,"",COUNTIF(AO$5:AO$450,"OFF"))
A2: CURRENT TIME | B2: =NOW() -> 45065.578 | K2: 45047 | L2: 45048 | M2: 45049 | N2: 45050 | O2: 45051 | P2: 45052 | Q2: 45053 | R2: 45054 | S2: 45055 | T2: 45056 | U2: 45057 | V2: 45058 | W2: 45059 | X2: 45060 | Y2: 45061 | Z2: 45062 | AA2: 45063 | AB2: 45064 | AC2: 45065 | AD2: 45066 | AE2: 45067 | AF2: 45068 | AG2: 45069 | AH2: 45070 | AI2: 45071 | AJ2: 45072 | AK2: 45073 | AL2: 45074 | AM2: 45075 | AN2: 45076 | AO2: 45077
K3: ="Week "&_xlfn.ISOWEEKNUM($K$2) -> Week 18 | R3: ="Week "&_xlfn.ISOWEEKNUM($R$2) -> Week 19 | Y3: ="Week "&_xlfn.ISOWEEKNUM($Y$2) -> Week 20 | AF3: ="Week "&_xlfn.ISOWEEKNUM($AF$2) -> Week 21 | AM3: ="Week "&_xlfn.ISOWEEKNUM($AM$2) -> Week 22
A4: Warehouse | B4: Fleet Operator Name | C4: Vehicle Plate | D4: Vehicle Type | E4: WorkDay | F4: Day-Off | G4: Days Group | H4: Vehicle Type Group | I4: Week Group | K4: =TEXT(K2,"DDD") -> Mon | L4: =TEXT(L2,"DDD") -> Tue | M4: =TEXT(M2,"DDD") -> Wed | N4: =TEXT(N2,"DDD") -> Thu | O4: =TEXT(O2,"DDD") -> Fri | P4: =TEXT(P2,"DDD") -> Sat | Q4: =TEXT(Q2,"DDD") -> Sun | R4: =TEXT(R2,"DDD") -> Mon | ... AO4: =TEXT(AO2,"DDD") -> Wed
A5: =CHOOSE(RANDBETWEEN(1,5),"Lagos","Ogun","Ondo","Oyo","Ekiti") -> Ogun | B5: =CHOOSE(RANDBETWEEN(1,5),"A","B","C","D","E") -> E | C5: =CHOOSE(RANDBETWEEN(1,5),"A1","B1","C1","D1","E1") -> D1 | D5: Mini Bus | E5: =COUNTIF(K5:AO5, "ON") -> 25 | F5: =COUNTIF(K5:AO5, "OFF") -> 2 | G5: {=Groups!$B$2:$B$5} -> A | H5: {=Groups!$B$2:$B$5} -> A | I5: =IF($A5="","",IF(COUNTA($K$2:$P$2)=6,"WK "&_xlfn.ISOWEEKNUM($K$2))) -> WK 18 | J5: =IF($A5="","",IF(COUNTA($Y$2:$AD$2)=6,"WK "&_xlfn.ISOWEEKNUM($Y$2))) -> WK 20 | K5: =IF($A5="","",IF(COUNTA($K$2:$AO$2)-4,IF(OR(K$4="Mon",K$4="Tue"),$E$1,$D$1))) -> ON | L5: =IF($A5="","",IF(COUNTA($K$2:$AO$2)-4,IF(OR(L$4="Mon",L$4="Tue"),$E$1,$D$1))) -> ON | M5: =IF($A5="","",IF(COUNTA($K$2:$AO$2)-4,IF(OR(M$4<>"Mon",M$4<>"Tue"),IF(AND($G5="A",$H5="A",$I5="WK "&_xlfn.ISOWEEKNUM($K$2)),$D$1,$E$1)))) -> OFF | N5: =IF($A5="","",IF(COUNTA($K$2:$AO$2)-4,IF(OR(N$4<>"Mon",N$4<>"Tue"),IF(AND($G5="B",$H5="B",$I5="WK "&_xlfn.ISOWEEKNUM($K$2)),$D$1,$E$1)))) -> ON | O5: =IF($A5="","",IF(COUNTA($K$2:$AO$2)-4,IF(OR(O$4<>"Mon",O$4<>"Tue"),IF(AND($G5="C",$H5="C",$I5="WK "&_xlfn.ISOWEEKNUM($K$2)),$D$1,$E$1)))) -> ON | P5: =IF($A5="","",IF(COUNTA($K$2:$AO$2)-4,IF(OR(P$4<>"Mon",P$4<>"Tue"),IF(AND($G5="D",$H5="D",$I5="WK "&_xlfn.ISOWEEKNUM($K$2)),$D$1,$E$1)))) -> ON | R5: =IF($A5="","",IF(COUNTA($K$2:$AO$2)-4,IF(OR(R$4="Mon",R$4="Tue"),$E$1,$D$1))) -> ON | S5: =IF($A5="","",IF(COUNTA($K$2:$AO$2)-4,IF(OR(S$4="Mon",S$4="Tue"),$E$1,$D$1))) -> ON | T5: =IF($A5="","",IF(COUNTA($K$2:$AO$2)-4,IF(OR(T$4<>"Mon",T$4<>"Tue"),IF(AND($G5="A",$H5="A",$I5="WK "&_xlfn.ISOWEEKNUM($R$2)),$D$1,$E$1)))) -> ON | U5: =IF($A5="","",IF(COUNTA($K$2:$AO$2)-4,IF(OR(U$4<>"Mon",U$4<>"Tue"),IF(AND($G5="B",$H5="B",$I5="WK "&_xlfn.ISOWEEKNUM($R$2)),$D$1,$E$1)))) -> ON | V5: =IF($A5="","",IF(COUNTA($K$2:$AO$2)-4,IF(OR(V$4<>"Mon",V$4<>"Tue"),IF(AND($G5="C",$H5="C",$I5="WK "&_xlfn.ISOWEEKNUM($R$2)),$D$1,$E$1)))) -> ON | W5: =IF($A5="","",IF(COUNTA($K$2:$AO$2)-4,IF(OR(W$4<>"Mon",W$4<>"Tue"),IF(AND($G5="D",$H5="D",$I5="WK "&_xlfn.ISOWEEKNUM($R$2)),$D$1,$E$1)))) -> ON | Y5: =IF($A5="","",IF(COUNTA($K$2:$AO$2)-4,IF(OR(Y$4="Mon",Y$4="Tue"),$E$1,$D$1))) -> ON | Z5: =IF($A5="","",IF(COUNTA($K$2:$AO$2)-4,IF(OR(Z$4="Mon",Z$4="Tue"),$E$1,$D$1))) -> ON | AA5: =IF($A5="","",IF(COUNTA($K$2:$AO$2)-4,IF(OR(AA$4<>"Mon",AA$4<>"Tue"),IF(AND($G5="A",$H5="A",$J5="WK "&_xlfn.ISOWEEKNUM($Y$2)),$D$1,$E$1)))) -> OFF | AB5: =IF($A5="","",IF(COUNTA($K$2:$AO$2)-4,IF(OR(AB$4<>"Mon",AB$4<>"Tue"),IF(AND($G5="B",$H5="B",$J5="WK "&_xlfn.ISOWEEKNUM($Y$2)),$D$1,$E$1)))) -> ON | AC5: =IF($A5="","",IF(COUNTA($K$2:$AO$2)-4,IF(OR(AC$4<>"Mon",AC$4<>"Tue"),IF(AND($G5="C",$H5="C",$J5="WK "&_xlfn.ISOWEEKNUM($Y$2)),$D$1,$E$1)))) -> ON | AD5: =IF($A5="","",IF(COUNTA($K$2:$AO$2)-4,IF(OR(AD$4<>"Mon",AD$4<>"Tue"),IF(AND($G5="D",$H5="D",$J5="WK "&_xlfn.ISOWEEKNUM($Y$2)),$D$1,$E$1)))) -> ON | AF5: =IF($A5="","",IF(COUNTA($K$2:$AO$2)-4,IF(OR(AF$4="Mon",AF$4="Tue"),$E$1,$D$1))) -> ON | AG5: =IF($A5="","",IF(COUNTA($K$2:$AO$2)-4,IF(OR(AG$4="Mon",AG$4="Tue"),$E$1,$D$1))) -> ON | AH5: =IF($A5="","",IF(COUNTA($K$2:$AO$2)-4,IF(OR(AH$4<>"Mon",AH$4<>"Tue"),IF(AND($G5="A",$H5="A",$J5="WK "&_xlfn.ISOWEEKNUM($AF$2)),$D$1,$E$1)))) -> ON | AI5: =IF($A5="","",IF(COUNTA($K$2:$AO$2)-4,IF(OR(AI$4<>"Mon",AI$4<>"Tue"),IF(AND($G5="B",$H5="B",$J5="WK "&_xlfn.ISOWEEKNUM($AF$2)),$D$1,$E$1)))) -> ON | AJ5: =IF($A5="","",IF(COUNTA($K$2:$AO$2)-4,IF(OR(AJ$4<>"Mon",AJ$4<>"Tue"),IF(AND($G5="C",$H5="C",$J5="WK "&_xlfn.ISOWEEKNUM($AF$2)),$D$1,$E$1)))) -> ON | AK5: =IF($A5="","",IF(COUNTA($K$2:$AO$2)-4,IF(OR(AK$4<>"Mon",AK$4<>"Tue"),IF(AND($G5="D",$H5="D",$J5="WK "&_xlfn.ISOWEEKNUM($AF$2)),$D$1,$E$1)))) -> ON | AM5: =IF(COUNTA($K$2:$AO$2)-4,IF(OR(AM$4="Mon",AM$4="Tue"),$E$1,$D$1)) -> ON | AN5: =IF(COUNTA($K$2:$AO$2)-4,IF(OR(AN$4="Mon",AN$4="Tue"),$E$1,$D$1)) -> ON | AO5: =IF(COUNTA($K$2:$AO$2)-4,IF(OR(AO$4="Mon",AO$4="Tue",AO$4="Wed"),$E$1,$D$1)) -> ON
A6: =CHOOSE(RANDBETWEEN(1,5),"Lagos","Ogun","Ondo","Oyo","Ekiti") -> Ogun | B6: =CHOOSE(RANDBETWEEN(1,5),"A","B","C","D","E") -> E | C6: =CHOOSE(RANDBETWEEN(1,5),"A1","B1","C1","D1","E1") -> D1 | D6: Mini Bus | E6: =COUNTIF(K6:AO6, "ON") -> 25 | F6: =COUNTIF(K6:AO6, "OFF") -> 2 | G6: B | H6: B | I6: =IF($A6="","",IF(COUNTA($R$2:$W$2)=6,"WK "&_xlfn.ISOWEEKNUM($R$2))) -> WK 19 | J6: =IF($A6="","",IF(COUNTA($AF$2:$AK$2)=6,"WK "&_xlfn.ISOWEEKNUM($AF$2))) -> WK 21 | K6: =IF($A6="","",IF(COUNTA($K$2:$AO$2)-4,IF(OR(K$4="Mon",K$4="Tue"),$E$1,$D$1))) -> ON | L6: =IF($A6="","",IF(COUNTA($K$2:$AO$2)-4,IF(OR(L$4="Mon",L$4="Tue"),$E$1,$D$1))) -> ON | M6: =IF($A6="","",IF(COUNTA($K$2:$AO$2)-4,IF(OR(M$4<>"Mon",M$4<>"Tue"),IF(AND($G6="A",$H6="A",$I6="WK "&_xlfn.ISOWEEKNUM($K$2)),$D$1,$E$1)))) -> ON | N6: =IF($A6="","",IF(COUNTA($K$2:$AO$2)-4,IF(OR(N$4<>"Mon",N$4<>"Tue"),IF(AND($G6="B",$H6="B",$I6="WK "&_xlfn.ISOWEEKNUM($K$2)),$D$1,$E$1)))) -> ON | O6: =IF($A6="","",IF(COUNTA($K$2:$AO$2)-4,IF(OR(O$4<>"Mon",O$4<>"Tue"),IF(AND($G6="C",$H6="C",$I6="WK "&_xlfn.ISOWEEKNUM($K$2)),$D$1,$E$1)))) -> ON | P6: =IF($A6="","",IF(COUNTA($K$2:$AO$2)-4,IF(OR(P$4<>"Mon",P$4<>"Tue"),IF(AND($G6="D",$H6="D",$I6="WK "&_xlfn.ISOWEEKNUM($K$2)),$D$1,$E$1)))) -> ON | R6: =IF($A6="","",IF(COUNTA($K$2:$AO$2)-4,IF(OR(R$4="Mon",R$4="Tue"),$E$1,$D$1))) -> ON | S6: =IF($A6="","",IF(COUNTA($K$2:$AO$2)-4,IF(OR(S$4="Mon",S$4="Tue"),$E$1,$D$1))) -> ON | T6: =IF($A6="","",IF(COUNTA($K$2:$AO$2)-4,IF(OR(T$4<>"Mon",T$4<>"Tue"),IF(AND($G6="A",$H6="A",$I6="WK "&_xlfn.ISOWEEKNUM($R$2)),$D$1,$E$1)))) -> ON | U6: =IF($A6="","",IF(COUNTA($K$2:$AO$2)-4,IF(OR(U$4<>"Mon",U$4<>"Tue"),IF(AND($G6="B",$H6="B",$I6="WK "&_xlfn.ISOWEEKNUM($R$2)),$D$1,$E$1)))) -> OFF | V6: =IF($A6="","",IF(COUNTA($K$2:$AO$2)-4,IF(OR(V$4<>"Mon",V$4<>"Tue"),IF(AND($G6="C",$H6="C",$I6="WK "&_xlfn.ISOWEEKNUM($R$2)),$D$1,$E$1)))) -> ON | W6: =IF($A6="","",IF(COUNTA($K$2:$AO$2)-4,IF(OR(W$4<>"Mon",W$4<>"Tue"),IF(AND($G6="D",$H6="D",$I6="WK "&_xlfn.ISOWEEKNUM($R$2)),$D$1,$E$1)))) -> ON | Y6: =IF($A6="","",IF(COUNTA($K$2:$AO$2)-4,IF(OR(Y$4="Mon",Y$4="Tue"),$E$1,$D$1))) -> ON | Z6: =IF($A6="","",IF(COUNTA($K$2:$AO$2)-4,IF(OR(Z$4="Mon",Z$4="Tue"),$E$1,$D$1))) -> ON | AA6: =IF($A6="","",IF(COUNTA($K$2:$AO$2)-4,IF(OR(AA$4<>"Mon",AA$4<>"Tue"),IF(AND($G6="A",$H6="A",$J6="WK "&_xlfn.ISOWEEKNUM($Y$2)),$D$1,$E$1)))) -> ON | AB6: =IF($A6="","",IF(COUNTA($K$2:$AO$2)-4,IF(OR(AB$4<>"Mon",AB$4<>"Tue"),IF(AND($G6="B",$H6="B",$J6="WK "&_xlfn.ISOWEEKNUM($Y$2)),$D$1,$E$1)))) -> ON | AC6: =IF($A6="","",IF(COUNTA($K$2:$AO$2)-4,IF(OR(AC$4<>"Mon",AC$4<>"Tue"),IF(AND($G6="C",$H6="C",$J6="WK "&_xlfn.ISOWEEKNUM($Y$2)),$D$1,$E$1)))) -> ON | AD6: =IF($A6="","",IF(COUNTA($K$2:$AO$2)-4,IF(OR(AD$4<>"Mon",AD$4<>"Tue"),IF(AND($G6="D",$H6="D",$J6="WK "&_xlfn.ISOWEEKNUM($Y$2)),$D$1,$E$1)))) -> ON | AF6: =IF($A6="","",IF(COUNTA($K$2:$AO$2)-4,IF(OR(AF$4="Mon",AF$4="Tue"),$E$1,$D$1))) -> ON | AG6: =IF($A6="","",IF(COUNTA($K$2:$AO$2)-4,IF(OR(AG$4="Mon",AG$4="Tue"),$E$1,$D$1))) -> ON | AH6: =IF($A6="","",IF(COUNTA($K$2:$AO$2)-4,IF(OR(AH$4<>"Mon",AH$4<>"Tue"),IF(AND($G6="A",$H6="A",$J6="WK "&_xlfn.ISOWEEKNUM($AF$2)),$D$1,$E$1)))) -> ON | AI6: =IF($A6="","",IF(COUNTA($K$2:$AO$2)-4,IF(OR(AI$4<>"Mon",AI$4<>"Tue"),IF(AND($G6="B",$H6="B",$J6="WK "&_xlfn.ISOWEEKNUM($AF$2)),$D$1,$E$1)))) -> OFF | AJ6: =IF($A6="","",IF(COUNTA($K$2:$AO$2)-4,IF(OR(AJ$4<>"Mon",AJ$4<>"Tue"),IF(AND($G6="C",$H6="C",$J6="WK "&_xlfn.ISOWEEKNUM($AF$2)),$D$1,$E$1)))) -> ON | AK6: =IF($A6="","",IF(COUNTA($K$2:$AO$2)-4,IF(OR(AK$4<>"Mon",AK$4<>"Tue"),IF(AND($G6="D",$H6="D",$J6="WK "&_xlfn.ISOWEEKNUM($AF$2)),$D$1,$E$1)))) -> ON | AM6: =IF(COUNTA($K$2:$AO$2)-4,IF(OR(AM$4="Mon",AM$4="Tue"),$E$1,$D$1)) -> ON | AN6: =IF(COUNTA($K$2:$AO$2)-4,IF(OR(AN$4="Mon",AN$4="Tue"),$E$1,$D$1)) -> ON | AO6: =IF(COUNTA($K$2:$AO$2)-4,IF(OR(AO$4="Mon",AO$4="Tue",AO$4="Wed"),$E$1,$D$1)) -> ON
A7: =CHOOSE(RANDBETWEEN(1,5),"Lagos","Ogun","Ondo","Oyo","Ekiti") -> Ekiti | B7: =CHOOSE(RANDBETWEEN(1,5),"A","B","C","D","E") -> A | C7: =CHOOSE(RANDBETWEEN(1,5),"A1","B1","C1","D1","E1") -> C1 | D7: Mini Bus | E7: =COUNTIF(K7:AO7, "ON") -> 25 | F7: =COUNTIF(K7:AO7, "OFF") -> 2 | G7: C | H7: C | I7: =IF($A7="","",IF(COUNTA($K$2:$P$2)=6,"WK "&_xlfn.ISOWEEKNUM($K$2))) -> WK 18 | J7: =IF($A7="","",IF(COUNTA($Y$2:$AD$2)=6,"WK "&_xlfn.ISOWEEKNUM($Y$2))) -> WK 20 | K7: =IF($A7="","",IF(COUNTA($K$2:$AO$2)-4,IF(OR(K$4="Mon",K$4="Tue"),$E$1,$D$1))) -> ON | L7: =IF($A7="","",IF(COUNTA($K$2:$AO$2)-4,IF(OR(L$4="Mon",L$4="Tue"),$E$1,$D$1))) -> ON | M7: =IF($A7="","",IF(COUNTA($K$2:$AO$2)-4,IF(OR(M$4<>"Mon",M$4<>"Tue"),IF(AND($G7="A",$H7="A",$I7="WK "&_xlfn.ISOWEEKNUM($K$2)),$D$1,$E$1)))) -> ON | N7: =IF($A7="","",IF(COUNTA($K$2:$AO$2)-4,IF(OR(N$4<>"Mon",N$4<>"Tue"),IF(AND($G7="B",$H7="B",$I7="WK "&_xlfn.ISOWEEKNUM($K$2)),$D$1,$E$1)))) -> ON | O7: =IF($A7="","",IF(COUNTA($K$2:$AO$2)-4,IF(OR(O$4<>"Mon",O$4<>"Tue"),IF(AND($G7="C",$H7="C",$I7="WK "&_xlfn.ISOWEEKNUM($K$2)),$D$1,$E$1)))) -> OFF | P7: =IF($A7="","",IF(COUNTA($K$2:$AO$2)-4,IF(OR(P$4<>"Mon",P$4<>"Tue"),IF(AND($G7="D",$H7="D",$I7="WK "&_xlfn.ISOWEEKNUM($K$2)),$D$1,$E$1)))) -> ON | R7: =IF($A7="","",IF(COUNTA($K$2:$AO$2)-4,IF(OR(R$4="Mon",R$4="Tue"),$E$1,$D$1))) -> ON | S7: =IF($A7="","",IF(COUNTA($K$2:$AO$2)-4,IF(OR(S$4="Mon",S$4="Tue"),$E$1,$D$1))) -> ON | T7: =IF($A7="","",IF(COUNTA($K$2:$AO$2)-4,IF(OR(T$4<>"Mon",T$4<>"Tue"),IF(AND($G7="A",$H7="A",$I7="WK "&_xlfn.ISOWEEKNUM($R$2)),$D$1,$E$1)))) -> ON | U7: =IF($A7="","",IF(COUNTA($K$2:$AO$2)-4,IF(OR(U$4<>"Mon",U$4<>"Tue"),IF(AND($G7="B",$H7="B",$I7="WK "&_xlfn.ISOWEEKNUM($R$2)),$D$1,$E$1)))) -> ON | V7: =IF($A7="","",IF(COUNTA($K$2:$AO$2)-4,IF(OR(V$4<>"Mon",V$4<>"Tue"),IF(AND($G7="C",$H7="C",$I7="WK "&_xlfn.ISOWEEKNUM($R$2)),$D$1,$E$1)))) -> ON | W7: =IF($A7="","",IF(COUNTA($K$2:$AO$2)-4,IF(OR(W$4<>"Mon",W$4<>"Tue"),IF(AND($G7="D",$H7="D",$I7="WK "&_xlfn.ISOWEEKNUM($R$2)),$D$1,$E$1)))) -> ON | Y7: =IF($A7="","",IF(COUNTA($K$2:$AO$2)-4,IF(OR(Y$4="Mon",Y$4="Tue"),$E$1,$D$1))) -> ON | Z7: =IF($A7="","",IF(COUNTA($K$2:$AO$2)-4,IF(OR(Z$4="Mon",Z$4="Tue"),$E$1,$D$1))) -> ON | AA7: =IF($A7="","",IF(COUNTA($K$2:$AO$2)-4,IF(OR(AA$4<>"Mon",AA$4<>"Tue"),IF(AND($G7="A",$H7="A",$J7="WK "&_xlfn.ISOWEEKNUM($Y$2)),$D$1,$E$1)))) -> ON | AB7: =IF($A7="","",IF(COUNTA($K$2:$AO$2)-4,IF(OR(AB$4<>"Mon",AB$4<>"Tue"),IF(AND($G7="B",$H7="B",$J7="WK "&_xlfn.ISOWEEKNUM($Y$2)),$D$1,$E$1)))) -> ON | AC7: =IF($A7="","",IF(COUNTA($K$2:$AO$2)-4,IF(OR(AC$4<>"Mon",AC$4<>"Tue"),IF(AND($G7="C",$H7="C",$J7="WK "&_xlfn.ISOWEEKNUM($Y$2)),$D$1,$E$1)))) -> OFF | AD7: =IF($A7="","",IF(COUNTA($K$2:$AO$2)-4,IF(OR(AD$4<>"Mon",AD$4<>"Tue"),IF(AND($G7="D",$H7="D",$J7="WK "&_xlfn.ISOWEEKNUM($Y$2)),$D$1,$E$1)))) -> ON | AF7: =IF($A7="","",IF(COUNTA($K$2:$AO$2)-4,IF(OR(AF$4="Mon",AF$4="Tue"),$E$1,$D$1))) -> ON | AG7: =IF($A7="","",IF(COUNTA($K$2:$AO$2)-4,IF(OR(AG$4="Mon",AG$4="Tue"),$E$1,$D$1))) -> ON | AH7: =IF($A7="","",IF(COUNTA($K$2:$AO$2)-4,IF(OR(AH$4<>"Mon",AH$4<>"Tue"),IF(AND($G7="A",$H7="A",$J7="WK "&_xlfn.ISOWEEKNUM($AF$2)),$D$1,$E$1)))) -> ON | AI7: =IF($A7="","",IF(COUNTA($K$2:$AO$2)-4,IF(OR(AI$4<>"Mon",AI$4<>"Tue"),IF(AND($G7="B",$H7="B",$J7="WK "&_xlfn.ISOWEEKNUM($AF$2)),$D$1,$E$1)))) -> ON | AJ7: =IF($A7="","",IF(COUNTA($K$2:$AO$2)-4,IF(OR(AJ$4<>"Mon",AJ$4<>"Tue"),IF(AND($G7="C",$H7="C",$J7="WK "&_xlfn.ISOWEEKNUM($AF$2)),$D$1,$E$1)))) -> ON | AK7: =IF($A7="","",IF(COUNTA($K$2:$AO$2)-4,IF(OR(AK$4<>"Mon",AK$4<>"Tue"),IF(AND($G7="D",$H7="D",$J7="WK "&_xlfn.ISOWEEKNUM($AF$2)),$D$1,$E$1)))) -> ON | AM7: =IF(COUNTA($K$2:$AO$2)-4,IF(OR(AM$4="Mon",AM$4="Tue"),$E$1,$D$1)) -> ON | AN7: =IF(COUNTA($K$2:$AO$2)-4,IF(OR(AN$4="Mon",AN$4="Tue"),$E$1,$D$1)) -> ON | AO7: =IF(COUNTA($K$2:$AO$2)-4,IF(OR(AO$4="Mon",AO$4="Tue",AO$4="Wed"),$E$1,$D$1)) -> ON
A8: =CHOOSE(RANDBETWEEN(1,5),"Lagos","Ogun","Ondo","Oyo","Ekiti") -> Lagos | B8: =CHOOSE(RANDBETWEEN(1,5),"A","B","C","D","E") -> D | C8: =CHOOSE(RANDBETWEEN(1,5),"A1","B1","C1","D1","E1") -> A1 | D8: Mini Bus | E8: =COUNTIF(K8:AO8, "ON") -> 25 | F8: =COUNTIF(K8:AO8, "OFF") -> 2 | G8: D | H8: D | I8: =IF($A8="","",IF(COUNTA($R$2:$W$2)=6,"WK "&_xlfn.ISOWEEKNUM($R$2))) -> WK 19 | J8: =IF($A8="","",IF(COUNTA($AF$2:$AK$2)=6,"WK "&_xlfn.ISOWEEKNUM($AF$2))) -> WK 21 | K8: =IF($A8="","",IF(COUNTA($K$2:$AO$2)-4,IF(OR(K$4="Mon",K$4="Tue"),$E$1,$D$1))) -> ON | L8: =IF($A8="","",IF(COUNTA($K$2:$AO$2)-4,IF(OR(L$4="Mon",L$4="Tue"),$E$1,$D$1))) -> ON | M8: =IF($A8="","",IF(COUNTA($K$2:$AO$2)-4,IF(OR(M$4<>"Mon",M$4<>"Tue"),IF(AND($G8="A",$H8="A",$I8="WK "&_xlfn.ISOWEEKNUM($K$2)),$D$1,$E$1)))) -> ON | N8: =IF($A8="","",IF(COUNTA($K$2:$AO$2)-4,IF(OR(N$4<>"Mon",N$4<>"Tue"),IF(AND($G8="B",$H8="B",$I8="WK "&_xlfn.ISOWEEKNUM($K$2)),$D$1,$E$1)))) -> ON | O8: =IF($A8="","",IF(COUNTA($K$2:$AO$2)-4,IF(OR(O$4<>"Mon",O$4<>"Tue"),IF(AND($G8="C",$H8="C",$I8="WK "&_xlfn.ISOWEEKNUM($K$2)),$D$1,$E$1)))) -> ON | P8: =IF($A8="","",IF(COUNTA($K$2:$AO$2)-4,IF(OR(P$4<>"Mon",P$4<>"Tue"),IF(AND($G8="D",$H8="D",$I8="WK "&_xlfn.ISOWEEKNUM($K$2)),$D$1,$E$1)))) -> ON | R8: =IF($A8="","",IF(COUNTA($K$2:$AO$2)-4,IF(OR(R$4="Mon",R$4="Tue"),$E$1,$D$1))) -> ON | S8: =IF($A8="","",IF(COUNTA($K$2:$AO$2)-4,IF(OR(S$4="Mon",S$4="Tue"),$E$1,$D$1))) -> ON | T8: =IF($A8="","",IF(COUNTA($K$2:$AO$2)-4,IF(OR(T$4<>"Mon",T$4<>"Tue"),IF(AND($G8="A",$H8="A",$I8="WK "&_xlfn.ISOWEEKNUM($R$2)),$D$1,$E$1)))) -> ON | U8: =IF($A8="","",IF(COUNTA($K$2:$AO$2)-4,IF(OR(U$4<>"Mon",U$4<>"Tue"),IF(AND($G8="B",$H8="B",$I8="WK "&_xlfn.ISOWEEKNUM($R$2)),$D$1,$E$1)))) -> ON | V8: =IF($A8="","",IF(COUNTA($K$2:$AO$2)-4,IF(OR(V$4<>"Mon",V$4<>"Tue"),IF(AND($G8="C",$H8="C",$I8="WK "&_xlfn.ISOWEEKNUM($R$2)),$D$1,$E$1)))) -> ON | W8: =IF($A8="","",IF(COUNTA($K$2:$AO$2)-4,IF(OR(W$4<>"Mon",W$4<>"Tue"),IF(AND($G8="D",$H8="D",$I8="WK "&_xlfn.ISOWEEKNUM($R$2)),$D$1,$E$1)))) -> OFF | Y8: =IF($A8="","",IF(COUNTA($K$2:$AO$2)-4,IF(OR(Y$4="Mon",Y$4="Tue"),$E$1,$D$1))) -> ON | Z8: =IF($A8="","",IF(COUNTA($K$2:$AO$2)-4,IF(OR(Z$4="Mon",Z$4="Tue"),$E$1,$D$1))) -> ON | AA8: =IF($A8="","",IF(COUNTA($K$2:$AO$2)-4,IF(OR(AA$4<>"Mon",AA$4<>"Tue"),IF(AND($G8="A",$H8="A",$J8="WK "&_xlfn.ISOWEEKNUM($Y$2)),$D$1,$E$1)))) -> ON | AB8: =IF($A8="","",IF(COUNTA($K$2:$AO$2)-4,IF(OR(AB$4<>"Mon",AB$4<>"Tue"),IF(AND($G8="B",$H8="B",$J8="WK "&_xlfn.ISOWEEKNUM($Y$2)),$D$1,$E$1)))) -> ON | AC8: =IF($A8="","",IF(COUNTA($K$2:$AO$2)-4,IF(OR(AC$4<>"Mon",AC$4<>"Tue"),IF(AND($G8="C",$H8="C",$J8="WK "&_xlfn.ISOWEEKNUM($Y$2)),$D$1,$E$1)))) -> ON | AD8: =IF($A8="","",IF(COUNTA($K$2:$AO$2)-4,IF(OR(AD$4<>"Mon",AD$4<>"Tue"),IF(AND($G8="D",$H8="D",$J8="WK "&_xlfn.ISOWEEKNUM($Y$2)),$D$1,$E$1)))) -> ON | AF8: =IF($A8="","",IF(COUNTA($K$2:$AO$2)-4,IF(OR(AF$4="Mon",AF$4="Tue"),$E$1,$D$1))) -> ON | AG8: =IF($A8="","",IF(COUNTA($K$2:$AO$2)-4,IF(OR(AG$4="Mon",AG$4="Tue"),$E$1,$D$1))) -> ON | AH8: =IF($A8="","",IF(COUNTA($K$2:$AO$2)-4,IF(OR(AH$4<>"Mon",AH$4<>"Tue"),IF(AND($G8="A",$H8="A",$J8="WK "&_xlfn.ISOWEEKNUM($AF$2)),$D$1,$E$1)))) -> ON | AI8: =IF($A8="","",IF(COUNTA($K$2:$AO$2)-4,IF(OR(AI$4<>"Mon",AI$4<>"Tue"),IF(AND($G8="B",$H8="B",$J8="WK "&_xlfn.ISOWEEKNUM($AF$2)),$D$1,$E$1)))) -> ON | AJ8: =IF($A8="","",IF(COUNTA($K$2:$AO$2)-4,IF(OR(AJ$4<>"Mon",AJ$4<>"Tue"),IF(AND($G8="C",$H8="C",$J8="WK "&_xlfn.ISOWEEKNUM($AF$2)),$D$1,$E$1)))) -> ON | AK8: =IF($A8="","",IF(COUNTA($K$2:$AO$2)-4,IF(OR(AK$4<>"Mon",AK$4<>"Tue"),IF(AND($G8="D",$H8="D",$J8="WK "&_xlfn.ISOWEEKNUM($AF$2)),$D$1,$E$1)))) -> OFF | AM8: =IF(COUNTA($K$2:$AO$2)-4,IF(OR(AM$4="Mon",AM$4="Tue"),$E$1,$D$1)) -> ON | AN8: =IF(COUNTA($K$2:$AO$2)-4,IF(OR(AN$4="Mon",AN$4="Tue"),$E$1,$D$1)) -> ON | AO8: =IF(COUNTA($K$2:$AO$2)-4,IF(OR(AO$4="Mon",AO$4="Tue",AO$4="Wed"),$E$1,$D$1)) -> ON
A9: =CHOOSE(RANDBETWEEN(1,5),"Lagos","Ogun","Ondo","Oyo","Ekiti") -> Lagos | B9: =CHOOSE(RANDBETWEEN(1,5),"A","B","C","D","E") -> C | C9: =CHOOSE(RANDBETWEEN(1,5),"A1","B1","C1","D1","E1") -> A1 | D9: Mini Bus | E9: =COUNTIF(K9:AO9, "ON") -> 25 | F9: =COUNTIF(K9:AO9, "OFF") -> 2 | G9: {=IF($G$5:$G$8={"A";"B";"C";"D"},{"D";"C";"B";"A"},{"A";"B";"C";"D"})} -> D | H9: {=IF($H$5:$H$8={"A";"B";"C";"D"},{"D";"C";"B";"A"},{"A";"B";"C";"D"})} -> D | I9: =IF($A9="","",IF(COUNTA($K$2:$P$2)=6,"WK "&_xlfn.ISOWEEKNUM($K$2))) -> WK 18 | J9: =IF($A9="","",IF(COUNTA($Y$2:$AD$2)=6,"WK "&_xlfn.ISOWEEKNUM($Y$2))) -> WK 20 | K9: =IF($A9="","",IF(COUNTA($K$2:$AO$2)-4,IF(OR(K$4="Mon",K$4="Tue"),$E$1,$D$1))) -> ON | L9: =IF($A9="","",IF(COUNTA($K$2:$AO$2)-4,IF(OR(L$4="Mon",L$4="Tue"),$E$1,$D$1))) -> ON | M9: =IF($A9="","",IF(COUNTA($K$2:$AO$2)-4,IF(OR(M$4<>"Mon",M$4<>"Tue"),IF(AND($G9="A",$H9="A",$I9="WK "&_xlfn.ISOWEEKNUM($K$2)),$D$1,$E$1)))) -> ON | N9: =IF($A9="","",IF(COUNTA($K$2:$AO$2)-4,IF(OR(N$4<>"Mon",N$4<>"Tue"),IF(AND($G9="B",$H9="B",$I9="WK "&_xlfn.ISOWEEKNUM($K$2)),$D$1,$E$1)))) -> ON | O9: =IF($A9="","",IF(COUNTA($K$2:$AO$2)-4,IF(OR(O$4<>"Mon",O$4<>"Tue"),IF(AND($G9="C",$H9="C",$I9="WK "&_xlfn.ISOWEEKNUM($K$2)),$D$1,$E$1)))) -> ON | P9: =IF($A9="","",IF(COUNTA($K$2:$AO$2)-4,IF(OR(P$4<>"Mon",P$4<>"Tue"),IF(AND($G9="D",$H9="D",$I9="WK "&_xlfn.ISOWEEKNUM($K$2)),$D$1,$E$1)))) -> OFF | R9: =IF($A9="","",IF(COUNTA($K$2:$AO$2)-4,IF(OR(R$4="Mon",R$4="Tue"),$E$1,$D$1))) -> ON | S9: =IF($A9="","",IF(COUNTA($K$2:$AO$2)-4,IF(OR(S$4="Mon",S$4="Tue"),$E$1,$D$1))) -> ON | T9: =IF($A9="","",IF(COUNTA($K$2:$AO$2)-4,IF(OR(T$4<>"Mon",T$4<>"Tue"),IF(AND($G9="A",$H9="A",$I9="WK "&_xlfn.ISOWEEKNUM($R$2)),$D$1,$E$1)))) -> ON | U9: =IF($A9="","",IF(COUNTA($K$2:$AO$2)-4,IF(OR(U$4<>"Mon",U$4<>"Tue"),IF(AND($G9="B",$H9="B",$I9="WK "&_xlfn.ISOWEEKNUM($R$2)),$D$1,$E$1)))) -> ON | V9: =IF($A9="","",IF(COUNTA($K$2:$AO$2)-4,IF(OR(V$4<>"Mon",V$4<>"Tue"),IF(AND($G9="C",$H9="C",$I9="WK "&_xlfn.ISOWEEKNUM($R$2)),$D$1,$E$1)))) -> ON | W9: =IF($A9="","",IF(COUNTA($K$2:$AO$2)-4,IF(OR(W$4<>"Mon",W$4<>"Tue"),IF(AND($G9="D",$H9="D",$I9="WK "&_xlfn.ISOWEEKNUM($R$2)),$D$1,$E$1)))) -> ON | Y9: =IF($A9="","",IF(COUNTA($K$2:$AO$2)-4,IF(OR(Y$4="Mon",Y$4="Tue"),$E$1,$D$1))) -> ON | Z9: =IF($A9="","",IF(COUNTA($K$2:$AO$2)-4,IF(OR(Z$4="Mon",Z$4="Tue"),$E$1,$D$1))) -> ON | AA9: =IF($A9="","",IF(COUNTA($K$2:$AO$2)-4,IF(OR(AA$4<>"Mon",AA$4<>"Tue"),IF(AND($G9="A",$H9="A",$J9="WK "&_xlfn.ISOWEEKNUM($Y$2)),$D$1,$E$1)))) -> ON | AB9: =IF($A9="","",IF(COUNTA($K$2:$AO$2)-4,IF(OR(AB$4<>"Mon",AB$4<>"Tue"),IF(AND($G9="B",$H9="B",$J9="WK "&_xlfn.ISOWEEKNUM($Y$2)),$D$1,$E$1)))) -> ON | AC9: =IF($A9="","",IF(COUNTA($K$2:$AO$2)-4,IF(OR(AC$4<>"Mon",AC$4<>"Tue"),IF(AND($G9="C",$H9="C",$J9="WK "&_xlfn.ISOWEEKNUM($Y$2)),$D$1,$E$1)))) -> ON | AD9: =IF($A9="","",IF(COUNTA($K$2:$AO$2)-4,IF(OR(AD$4<>"Mon",AD$4<>"Tue"),IF(AND($G9="D",$H9="D",$J9="WK "&_xlfn.ISOWEEKNUM($Y$2)),$D$1,$E$1)))) -> OFF | AF9: =IF($A9="","",IF(COUNTA($K$2:$AO$2)-4,IF(OR(AF$4="Mon",AF$4="Tue"),$E$1,$D$1))) -> ON | AG9: =IF($A9="","",IF(COUNTA($K$2:$AO$2)-4,IF(OR(AG$4="Mon",AG$4="Tue"),$E$1,$D$1))) -> ON | AH9: =IF($A9="","",IF(COUNTA($K$2:$AO$2)-4,IF(OR(AH$4<>"Mon",AH$4<>"Tue"),IF(AND($G9="A",$H9="A",$J9="WK "&_xlfn.ISOWEEKNUM($AF$2)),$D$1,$E$1)))) -> ON | AI9: =IF($A9="","",IF(COUNTA($K$2:$AO$2)-4,IF(OR(AI$4<>"Mon",AI$4<>"Tue"),IF(AND($G9="B",$H9="B",$J9="WK "&_xlfn.ISOWEEKNUM($AF$2)),$D$1,$E$1)))) -> ON | AJ9: =IF($A9="","",IF(COUNTA($K$2:$AO$2)-4,IF(OR(AJ$4<>"Mon",AJ$4<>"Tue"),IF(AND($G9="C",$H9="C",$J9="WK "&_xlfn.ISOWEEKNUM($AF$2)),$D$1,$E$1)))) -> ON | AK9: =IF($A9="","",IF(COUNTA($K$2:$AO$2)-4,IF(OR(AK$4<>"Mon",AK$4<>"Tue"),IF(AND($G9="D",$H9="D",$J9="WK "&_xlfn.ISOWEEKNUM($AF$2)),$D$1,$E$1)))) -> ON | AM9: =IF(COUNTA($K$2:$AO$2)-4,IF(OR(AM$4="Mon",AM$4="Tue"),$E$1,$D$1)) -> ON | AN9: =IF(COUNTA($K$2:$AO$2)-4,IF(OR(AN$4="Mon",AN$4="Tue"),$E$1,$D$1)) -> ON | AO9: =IF(COUNTA($K$2:$AO$2)-4,IF(OR(AO$4="Mon",AO$4="Tue",AO$4="Wed"),$E$1,$D$1)) -> ON
A10: =CHOOSE(RANDBETWEEN(1,5),"Lagos","Ogun","Ondo","Oyo","Ekiti") -> Ogun | B10: =CHOOSE(RANDBETWEEN(1,5),"A","B","C","D","E") -> B | C10: =CHOOSE(RANDBETWEEN(1,5),"A1","B1","C1","D1","E1") -> C1 | D10: Mini Truck | E10: =COUNTIF(K10:AO10, "ON") -> 25 | F10: =COUNTIF(K10:AO10, "OFF") -> 2 | G10: C | H10: C | I10: =IF($A10="","",IF(COUNTA($R$2:$W$2)=6,"WK "&_xlfn.ISOWEEKNUM($R$2))) -> WK 19 | J10: =IF($A10="","",IF(COUNTA($AF$2:$AK$2)=6,"WK "&_xlfn.ISOWEEKNUM($AF$2))) -> WK 21 | K10: =IF($A10="","",IF(COUNTA($K$2:$AO$2)-4,IF(OR(K$4="Mon",K$4="Tue"),$E$1,$D$1))) -> ON | L10: =IF($A10="","",IF(COUNTA($K$2:$AO$2)-4,IF(OR(L$4="Mon",L$4="Tue"),$E$1,$D$1))) -> ON | M10: =IF($A10="","",IF(COUNTA($K$2:$AO$2)-4,IF(OR(M$4<>"Mon",M$4<>"Tue"),IF(AND($G10="A",$H10="A",$I10="WK "&_xlfn.ISOWEEKNUM($K$2)),$D$1,$E$1)))) -> ON | N10: =IF($A10="","",IF(COUNTA($K$2:$AO$2)-4,IF(OR(N$4<>"Mon",N$4<>"Tue"),IF(AND($G10="B",$H10="B",$I10="WK "&_xlfn.ISOWEEKNUM($K$2)),$D$1,$E$1)))) -> ON | O10: =IF($A10="","",IF(COUNTA($K$2:$AO$2)-4,IF(OR(O$4<>"Mon",O$4<>"Tue"),IF(AND($G10="C",$H10="C",$I10="WK "&_xlfn.ISOWEEKNUM($K$2)),$D$1,$E$1)))) -> ON | P10: =IF($A10="","",IF(COUNTA($K$2:$AO$2)-4,IF(OR(P$4<>"Mon",P$4<>"Tue"),IF(AND($G10="D",$H10="D",$I10="WK "&_xlfn.ISOWEEKNUM($K$2)),$D$1,$E$1)))) -> ON | R10: =IF($A10="","",IF(COUNTA($K$2:$AO$2)-4,IF(OR(R$4="Mon",R$4="Tue"),$E$1,$D$1))) -> ON | S10: =IF($A10="","",IF(COUNTA($K$2:$AO$2)-4,IF(OR(S$4="Mon",S$4="Tue"),$E$1,$D$1))) -> ON | T10: =IF($A10="","",IF(COUNTA($K$2:$AO$2)-4,IF(OR(T$4<>"Mon",T$4<>"Tue"),IF(AND($G10="A",$H10="A",$I10="WK "&_xlfn.ISOWEEKNUM($R$2)),$D$1,$E$1)))) -> ON | U10: =IF($A10="","",IF(COUNTA($K$2:$AO$2)-4,IF(OR(U$4<>"Mon",U$4<>"Tue"),IF(AND($G10="B",$H10="B",$I10="WK "&_xlfn.ISOWEEKNUM($R$2)),$D$1,$E$1)))) -> ON | V10: =IF($A10="","",IF(COUNTA($K$2:$AO$2)-4,IF(OR(V$4<>"Mon",V$4<>"Tue"),IF(AND($G10="C",$H10="C",$I10="WK "&_xlfn.ISOWEEKNUM($R$2)),$D$1,$E$1)))) -> OFF | W10: =IF($A10="","",IF(COUNTA($K$2:$AO$2)-4,IF(OR(W$4<>"Mon",W$4<>"Tue"),IF(AND($G10="D",$H10="D",$I10="WK "&_xlfn.ISOWEEKNUM($R$2)),$D$1,$E$1)))) -> ON | Y10: =IF($A10="","",IF(COUNTA($K$2:$AO$2)-4,IF(OR(Y$4="Mon",Y$4="Tue"),$E$1,$D$1))) -> ON | Z10: =IF($A10="","",IF(COUNTA($K$2:$AO$2)-4,IF(OR(Z$4="Mon",Z$4="Tue"),$E$1,$D$1))) -> ON | AA10: =IF($A10="","",IF(COUNTA($K$2:$AO$2)-4,IF(OR(AA$4<>"Mon",AA$4<>"Tue"),IF(AND($G10="A",$H10="A",$J10="WK "&_xlfn.ISOWEEKNUM($Y$2)),$D$1,$E$1)))) -> ON | AB10: =IF($A10="","",IF(COUNTA($K$2:$AO$2)-4,IF(OR(AB$4<>"Mon",AB$4<>"Tue"),IF(AND($G10="B",$H10="B",$J10="WK "&_xlfn.ISOWEEKNUM($Y$2)),$D$1,$E$1)))) -> ON | AC10: =IF($A10="","",IF(COUNTA($K$2:$AO$2)-4,IF(OR(AC$4<>"Mon",AC$4<>"Tue"),IF(AND($G10="C",$H10="C",$J10="WK "&_xlfn.ISOWEEKNUM($Y$2)),$D$1,$E$1)))) -> ON | AD10: =IF($A10="","",IF(COUNTA($K$2:$AO$2)-4,IF(OR(AD$4<>"Mon",AD$4<>"Tue"),IF(AND($G10="D",$H10="D",$J10="WK "&_xlfn.ISOWEEKNUM($Y$2)),$D$1,$E$1)))) -> ON | AF10: =IF($A10="","",IF(COUNTA($K$2:$AO$2)-4,IF(OR(AF$4="Mon",AF$4="Tue"),$E$1,$D$1))) -> ON | AG10: =IF($A10="","",IF(COUNTA($K$2:$AO$2)-4,IF(OR(AG$4="Mon",AG$4="Tue"),$E$1,$D$1))) -> ON | AH10: =IF($A10="","",IF(COUNTA($K$2:$AO$2)-4,IF(OR(AH$4<>"Mon",AH$4<>"Tue"),IF(AND($G10="A",$H10="A",$J10="WK "&_xlfn.ISOWEEKNUM($AF$2)),$D$1,$E$1)))) -> ON | AI10: =IF($A10="","",IF(COUNTA($K$2:$AO$2)-4,IF(OR(AI$4<>"Mon",AI$4<>"Tue"),IF(AND($G10="B",$H10="B",$J10="WK "&_xlfn.ISOWEEKNUM($AF$2)),$D$1,$E$1)))) -> ON | AJ10: =IF($A10="","",IF(COUNTA($K$2:$AO$2)-4,IF(OR(AJ$4<>"Mon",AJ$4<>"Tue"),IF(AND($G10="C",$H10="C",$J10="WK "&_xlfn.ISOWEEKNUM($AF$2)),$D$1,$E$1)))) -> OFF | AK10: =IF($A10="","",IF(COUNTA($K$2:$AO$2)-4,IF(OR(AK$4<>"Mon",AK$4<>"Tue"),IF(AND($G10="D",$H10="D",$J10="WK "&_xlfn.ISOWEEKNUM($AF$2)),$D$1,$E$1)))) -> ON | AM10: =IF(COUNTA($K$2:$AO$2)-4,IF(OR(AM$4="Mon",AM$4="Tue"),$E$1,$D$1)) -> ON | AN10: =IF(COUNTA($K$2:$AO$2)-4,IF(OR(AN$4="Mon",AN$4="Tue"),$E$1,$D$1)) -> ON | AO10: =IF(COUNTA($K$2:$AO$2)-4,IF(OR(AO$4="Mon",AO$4="Tue",AO$4="Wed"),$E$1,$D$1)) -> ON
A11: =CHOOSE(RANDBETWEEN(1,5),"Lagos","Ogun","Ondo","Oyo","Ekiti") -> Ondo | B11: =CHOOSE(RANDBETWEEN(1,5),"A","B","C","D","E") -> E | C11: =CHOOSE(RANDBETWEEN(1,5),"A1","B1","C1","D1","E1") -> B1 | D11: Mini Truck | E11: =COUNTIF(K11:AO11, "ON") -> 25 | F11: =COUNTIF(K11:AO11, "OFF") -> 2 | G11: B | H11: B | I11: =IF($A11="","",IF(COUNTA($K$2:$P$2)=6,"WK "&_xlfn.ISOWEEKNUM($K$2))) -> WK 18 | J11: =IF($A11="","",IF(COUNTA($Y$2:$AD$2)=6,"WK "&_xlfn.ISOWEEKNUM($Y$2))) -> WK 20 | K11: =IF($A11="","",IF(COUNTA($K$2:$AO$2)-4,IF(OR(K$4="Mon",K$4="Tue"),$E$1,$D$1))) -> ON | L11: =IF($A11="","",IF(COUNTA($K$2:$AO$2)-4,IF(OR(L$4="Mon",L$4="Tue"),$E$1,$D$1))) -> ON | M11: =IF($A11="","",IF(COUNTA($K$2:$AO$2)-4,IF(OR(M$4<>"Mon",M$4<>"Tue"),IF(AND($G11="A",$H11="A",$I11="WK "&_xlfn.ISOWEEKNUM($K$2)),$D$1,$E$1)))) -> ON | N11: =IF($A11="","",IF(COUNTA($K$2:$AO$2)-4,IF(OR(N$4<>"Mon",N$4<>"Tue"),IF(AND($G11="B",$H11="B",$I11="WK "&_xlfn.ISOWEEKNUM($K$2)),$D$1,$E$1)))) -> OFF | O11: =IF($A11="","",IF(COUNTA($K$2:$AO$2)-4,IF(OR(O$4<>"Mon",O$4<>"Tue"),IF(AND($G11="C",$H11="C",$I11="WK "&_xlfn.ISOWEEKNUM($K$2)),$D$1,$E$1)))) -> ON | P11: =IF($A11="","",IF(COUNTA($K$2:$AO$2)-4,IF(OR(P$4<>"Mon",P$4<>"Tue"),IF(AND($G11="D",$H11="D",$I11="WK "&_xlfn.ISOWEEKNUM($K$2)),$D$1,$E$1)))) -> ON | R11: =IF($A11="","",IF(COUNTA($K$2:$AO$2)-4,IF(OR(R$4="Mon",R$4="Tue"),$E$1,$D$1))) -> ON | S11: =IF($A11="","",IF(COUNTA($K$2:$AO$2)-4,IF(OR(S$4="Mon",S$4="Tue"),$E$1,$D$1))) -> ON | T11: =IF($A11="","",IF(COUNTA($K$2:$AO$2)-4,IF(OR(T$4<>"Mon",T$4<>"Tue"),IF(AND($G11="A",$H11="A",$I11="WK "&_xlfn.ISOWEEKNUM($R$2)),$D$1,$E$1)))) -> ON | U11: =IF($A11="","",IF(COUNTA($K$2:$AO$2)-4,IF(OR(U$4<>"Mon",U$4<>"Tue"),IF(AND($G11="B",$H11="B",$I11="WK "&_xlfn.ISOWEEKNUM($R$2)),$D$1,$E$1)))) -> ON | V11: =IF($A11="","",IF(COUNTA($K$2:$AO$2)-4,IF(OR(V$4<>"Mon",V$4<>"Tue"),IF(AND($G11="C",$H11="C",$I11="WK "&_xlfn.ISOWEEKNUM($R$2)),$D$1,$E$1)))) -> ON | W11: =IF($A11="","",IF(COUNTA($K$2:$AO$2)-4,IF(OR(W$4<>"Mon",W$4<>"Tue"),IF(AND($G11="D",$H11="D",$I11="WK "&_xlfn.ISOWEEKNUM($R$2)),$D$1,$E$1)))) -> ON | Y11: =IF($A11="","",IF(COUNTA($K$2:$AO$2)-4,IF(OR(Y$4="Mon",Y$4="Tue"),$E$1,$D$1))) -> ON | Z11: =IF($A11="","",IF(COUNTA($K$2:$AO$2)-4,IF(OR(Z$4="Mon",Z$4="Tue"),$E$1,$D$1))) -> ON | AA11: =IF($A11="","",IF(COUNTA($K$2:$AO$2)-4,IF(OR(AA$4<>"Mon",AA$4<>"Tue"),IF(AND($G11="A",$H11="A",$J11="WK "&_xlfn.ISOWEEKNUM($Y$2)),$D$1,$E$1)))) -> ON | AB11: =IF($A11="","",IF(COUNTA($K$2:$AO$2)-4,IF(OR(AB$4<>"Mon",AB$4<>"Tue"),IF(AND($G11="B",$H11="B",$J11="WK "&_xlfn.ISOWEEKNUM($Y$2)),$D$1,$E$1)))) -> OFF | AC11: =IF($A11="","",IF(COUNTA($K$2:$AO$2)-4,IF(OR(AC$4<>"Mon",AC$4<>"Tue"),IF(AND($G11="C",$H11="C",$J11="WK "&_xlfn.ISOWEEKNUM($Y$2)),$D$1,$E$1)))) -> ON | AD11: =IF($A11="","",IF(COUNTA($K$2:$AO$2)-4,IF(OR(AD$4<>"Mon",AD$4<>"Tue"),IF(AND($G11="D",$H11="D",$J11="WK "&_xlfn.ISOWEEKNUM($Y$2)),$D$1,$E$1)))) -> ON | AF11: =IF($A11="","",IF(COUNTA($K$2:$AO$2)-4,IF(OR(AF$4="Mon",AF$4="Tue"),$E$1,$D$1))) -> ON | AG11: =IF($A11="","",IF(COUNTA($K$2:$AO$2)-4,IF(OR(AG$4="Mon",AG$4="Tue"),$E$1,$D$1))) -> ON | AH11: =IF($A11="","",IF(COUNTA($K$2:$AO$2)-4,IF(OR(AH$4<>"Mon",AH$4<>"Tue"),IF(AND($G11="A",$H11="A",$J11="WK "&_xlfn.ISOWEEKNUM($AF$2)),$D$1,$E$1)))) -> ON | AI11: =IF($A11="","",IF(COUNTA($K$2:$AO$2)-4,IF(OR(AI$4<>"Mon",AI$4<>"Tue"),IF(AND($G11="B",$H11="B",$J11="WK "&_xlfn.ISOWEEKNUM($AF$2)),$D$1,$E$1)))) -> ON | AJ11: =IF($A11="","",IF(COUNTA($K$2:$AO$2)-4,IF(OR(AJ$4<>"Mon",AJ$4<>"Tue"),IF(AND($G11="C",$H11="C",$J11="WK "&_xlfn.ISOWEEKNUM($AF$2)),$D$1,$E$1)))) -> ON | AK11: =IF($A11="","",IF(COUNTA($K$2:$AO$2)-4,IF(OR(AK$4<>"Mon",AK$4<>"Tue"),IF(AND($G11="D",$H11="D",$J11="WK "&_xlfn.ISOWEEKNUM($AF$2)),$D$1,$E$1)))) -> ON | AM11: =IF(COUNTA($K$2:$AO$2)-4,IF(OR(AM$4="Mon",AM$4="Tue"),$E$1,$D$1)) -> ON | AN11: =IF(COUNTA($K$2:$AO$2)-4,IF(OR(AN$4="Mon",AN$4="Tue"),$E$1,$D$1)) -> ON | AO11: =IF(COUNTA($K$2:$AO$2)-4,IF(OR(AO$4="Mon",AO$4="Tue",AO$4="Wed"),$E$1,$D$1)) -> ON
A12: =CHOOSE(RANDBETWEEN(1,5),"Lagos","Ogun","Ondo","Oyo","Ekiti") -> Lagos | B12: =CHOOSE(RANDBETWEEN(1,5),"A","B","C","D","E") -> D | C12: =CHOOSE(RANDBETWEEN(1,5),"A1","B1","C1","D1","E1") -> C1 | D12: Spare Driver | E12: =COUNTIF(K12:AO12, "ON") -> 25 | F12: =COUNTIF(K12:AO12, "OFF") -> 2 | G12: A | H12: A | I12: =IF($A12="","",IF(COUNTA($R$2:$W$2)=6,"WK "&_xlfn.ISOWEEKNUM($R$2))) -> WK 19 | J12: =IF($A12="","",IF(COUNTA($AF$2:$AK$2)=6,"WK "&_xlfn.ISOWEEKNUM($AF$2))) -> WK 21 | K12: =IF($A12="","",IF(COUNTA($K$2:$AO$2)-4,IF(OR(K$4="Mon",K$4="Tue"),$E$1,$D$1))) -> ON | L12: =IF($A12="","",IF(COUNTA($K$2:$AO$2)-4,IF(OR(L$4="Mon",L$4="Tue"),$E$1,$D$1))) -> ON | M12: =IF($A12="","",IF(COUNTA($K$2:$AO$2)-4,IF(OR(M$4<>"Mon",M$4<>"Tue"),IF(AND($G12="A",$H12="A",$I12="WK "&_xlfn.ISOWEEKNUM($K$2)),$D$1,$E$1)))) -> ON | N12: =IF($A12="","",IF(COUNTA($K$2:$AO$2)-4,IF(OR(N$4<>"Mon",N$4<>"Tue"),IF(AND($G12="B",$H12="B",$I12="WK "&_xlfn.ISOWEEKNUM($K$2)),$D$1,$E$1)))) -> ON | O12: =IF($A12="","",IF(COUNTA($K$2:$AO$2)-4,IF(OR(O$4<>"Mon",O$4<>"Tue"),IF(AND($G12="C",$H12="C",$I12="WK "&_xlfn.ISOWEEKNUM($K$2)),$D$1,$E$1)))) -> ON | P12: =IF($A12="","",IF(COUNTA($K$2:$AO$2)-4,IF(OR(P$4<>"Mon",P$4<>"Tue"),IF(AND($G12="D",$H12="D",$I12="WK "&_xlfn.ISOWEEKNUM($K$2)),$D$1,$E$1)))) -> ON | R12: =IF($A12="","",IF(COUNTA($K$2:$AO$2)-4,IF(OR(R$4="Mon",R$4="Tue"),$E$1,$D$1))) -> ON | S12: =IF($A12="","",IF(COUNTA($K$2:$AO$2)-4,IF(OR(S$4="Mon",S$4="Tue"),$E$1,$D$1))) -> ON | T12: =IF($A12="","",IF(COUNTA($K$2:$AO$2)-4,IF(OR(T$4<>"Mon",T$4<>"Tue"),IF(AND($G12="A",$H12="A",$I12="WK "&_xlfn.ISOWEEKNUM($R$2)),$D$1,$E$1)))) -> OFF | U12: =IF($A12="","",IF(COUNTA($K$2:$AO$2)-4,IF(OR(U$4<>"Mon",U$4<>"Tue"),IF(AND($G12="B",$H12="B",$I12="WK "&_xlfn.ISOWEEKNUM($R$2)),$D$1,$E$1)))) -> ON | V12: =IF($A12="","",IF(COUNTA($K$2:$AO$2)-4,IF(OR(V$4<>"Mon",V$4<>"Tue"),IF(AND($G12="C",$H12="C",$I12="WK "&_xlfn.ISOWEEKNUM($R$2)),$D$1,$E$1)))) -> ON | W12: =IF($A12="","",IF(COUNTA($K$2:$AO$2)-4,IF(OR(W$4<>"Mon",W$4<>"Tue"),IF(AND($G12="D",$H12="D",$I12="WK "&_xlfn.ISOWEEKNUM($R$2)),$D$1,$E$1)))) -> ON | Y12: =IF($A12="","",IF(COUNTA($K$2:$AO$2)-4,IF(OR(Y$4="Mon",Y$4="Tue"),$E$1,$D$1))) -> ON | Z12: =IF($A12="","",IF(COUNTA($K$2:$AO$2)-4,IF(OR(Z$4="Mon",Z$4="Tue"),$E$1,$D$1))) -> ON | AA12: =IF($A12="","",IF(COUNTA($K$2:$AO$2)-4,IF(OR(AA$4<>"Mon",AA$4<>"Tue"),IF(AND($G12="A",$H12="A",$J12="WK "&_xlfn.ISOWEEKNUM($Y$2)),$D$1,$E$1)))) -> ON | AB12: =IF($A12="","",IF(COUNTA($K$2:$AO$2)-4,IF(OR(AB$4<>"Mon",AB$4<>"Tue"),IF(AND($G12="B",$H12="B",$J12="WK "&_xlfn.ISOWEEKNUM($Y$2)),$D$1,$E$1)))) -> ON | AC12: =IF($A12="","",IF(COUNTA($K$2:$AO$2)-4,IF(OR(AC$4<>"Mon",AC$4<>"Tue"),IF(AND($G12="C",$H12="C",$J12="WK "&_xlfn.ISOWEEKNUM($Y$2)),$D$1,$E$1)))) -> ON | AD12: =IF($A12="","",IF(COUNTA($K$2:$AO$2)-4,IF(OR(AD$4<>"Mon",AD$4<>"Tue"),IF(AND($G12="D",$H12="D",$J12="WK "&_xlfn.ISOWEEKNUM($Y$2)),$D$1,$E$1)))) -> ON | AF12: =IF($A12="","",IF(COUNTA($K$2:$AO$2)-4,IF(OR(AF$4="Mon",AF$4="Tue"),$E$1,$D$1))) -> ON | AG12: =IF($A12="","",IF(COUNTA($K$2:$AO$2)-4,IF(OR(AG$4="Mon",AG$4="Tue"),$E$1,$D$1))) -> ON | AH12: =IF($A12="","",IF(COUNTA($K$2:$AO$2)-4,IF(OR(AH$4<>"Mon",AH$4<>"Tue"),IF(AND($G12="A",$H12="A",$J12="WK "&_xlfn.ISOWEEKNUM($AF$2)),$D$1,$E$1)))) -> OFF | AI12: =IF($A12="","",IF(COUNTA($K$2:$AO$2)-4,IF(OR(AI$4<>"Mon",AI$4<>"Tue"),IF(AND($G12="B",$H12="B",$J12="WK "&_xlfn.ISOWEEKNUM($AF$2)),$D$1,$E$1)))) -> ON | AJ12: =IF($A12="","",IF(COUNTA($K$2:$AO$2)-4,IF(OR(AJ$4<>"Mon",AJ$4<>"Tue"),IF(AND($G12="C",$H12="C",$J12="WK "&_xlfn.ISOWEEKNUM($AF$2)),$D$1,$E$1)))) -> ON | AK12: =IF($A12="","",IF(COUNTA($K$2:$AO$2)-4,IF(OR(AK$4<>"Mon",AK$4<>"Tue"),IF(AND($G12="D",$H12="D",$J12="WK "&_xlfn.ISOWEEKNUM($AF$2)),$D$1,$E$1)))) -> ON | AM12: =IF(COUNTA($K$2:$AO$2)-4,IF(OR(AM$4="Mon",AM$4="Tue"),$E$1,$D$1)) -> ON | AN12: =IF(COUNTA($K$2:$AO$2)-4,IF(OR(AN$4="Mon",AN$4="Tue"),$E$1,$D$1)) -> ON | AO12: =IF(COUNTA($K$2:$AO$2)-4,IF(OR(AO$4="Mon",AO$4="Tue",AO$4="Wed"),$E$1,$D$1)) -> ON
A13: =CHOOSE(RANDBETWEEN(1,5),"Lagos","Ogun","Ondo","Oyo","Ekiti") -> Oyo | B13: =CHOOSE(RANDBETWEEN(1,5),"A","B","C","D","E") -> C | C13: =CHOOSE(RANDBETWEEN(1,5),"A1","B1","C1","D1","E1") -> A1 | D13: Tricycle | E13: =COUNTIF(K13:AO13, "ON") -> 25 | F13: =COUNTIF(K13:AO13, "OFF") -> 2 | G13: {=Groups!$B$2:$B$5} -> A | H13: {=Groups!$B$2:$B$5} -> A | I13: =IF($A13="","",IF(COUNTA($K$2:$P$2)=6,"WK "&_xlfn.ISOWEEKNUM($K$2))) -> WK 18 | J13: =IF($A13="","",IF(COUNTA($Y$2:$AD$2)=6,"WK "&_xlfn.ISOWEEKNUM($Y$2))) -> WK 20 | K13: =IF($A13="","",IF(COUNTA($K$2:$AO$2)-4,IF(OR(K$4="Mon",K$4="Tue"),$E$1,$D$1))) -> ON | L13: =IF($A13="","",IF(COUNTA($K$2:$AO$2)-4,IF(OR(L$4="Mon",L$4="Tue"),$E$1,$D$1))) -> ON | M13: =IF($A13="","",IF(COUNTA($K$2:$AO$2)-4,IF(OR(M$4<>"Mon",M$4<>"Tue"),IF(AND($G13="A",$H13="A",$I13="WK "&_xlfn.ISOWEEKNUM($K$2)),$D$1,$E$1)))) -> OFF | N13: =IF($A13="","",IF(COUNTA($K$2:$AO$2)-4,IF(OR(N$4<>"Mon",N$4<>"Tue"),IF(AND($G13="B",$H13="B",$I13="WK "&_xlfn.ISOWEEKNUM($K$2)),$D$1,$E$1)))) -> ON | O13: =IF($A13="","",IF(COUNTA($K$2:$AO$2)-4,IF(OR(O$4<>"Mon",O$4<>"Tue"),IF(AND($G13="C",$H13="C",$I13="WK "&_xlfn.ISOWEEKNUM($K$2)),$D$1,$E$1)))) -> ON | P13: =IF($A13="","",IF(COUNTA($K$2:$AO$2)-4,IF(OR(P$4<>"Mon",P$4<>"Tue"),IF(AND($G13="D",$H13="D",$I13="WK "&_xlfn.ISOWEEKNUM($K$2)),$D$1,$E$1)))) -> ON | R13: =IF($A13="","",IF(COUNTA($K$2:$AO$2)-4,IF(OR(R$4="Mon",R$4="Tue"),$E$1,$D$1))) -> ON | S13: =IF($A13="","",IF(COUNTA($K$2:$AO$2)-4,IF(OR(S$4="Mon",S$4="Tue"),$E$1,$D$1))) -> ON | T13: =IF($A13="","",IF(COUNTA($K$2:$AO$2)-4,IF(OR(T$4<>"Mon",T$4<>"Tue"),IF(AND($G13="A",$H13="A",$I13="WK "&_xlfn.ISOWEEKNUM($R$2)),$D$1,$E$1)))) -> ON | U13: =IF($A13="","",IF(COUNTA($K$2:$AO$2)-4,IF(OR(U$4<>"Mon",U$4<>"Tue"),IF(AND($G13="B",$H13="B",$I13="WK "&_xlfn.ISOWEEKNUM($R$2)),$D$1,$E$1)))) -> ON | V13: =IF($A13="","",IF(COUNTA($K$2:$AO$2)-4,IF(OR(V$4<>"Mon",V$4<>"Tue"),IF(AND($G13="C",$H13="C",$I13="WK "&_xlfn.ISOWEEKNUM($R$2)),$D$1,$E$1)))) -> ON | W13: =IF($A13="","",IF(COUNTA($K$2:$AO$2)-4,IF(OR(W$4<>"Mon",W$4<>"Tue"),IF(AND($G13="D",$H13="D",$I13="WK "&_xlfn.ISOWEEKNUM($R$2)),$D$1,$E$1)))) -> ON | Y13: =IF($A13="","",IF(COUNTA($K$2:$AO$2)-4,IF(OR(Y$4="Mon",Y$4="Tue"),$E$1,$D$1))) -> ON | Z13: =IF($A13="","",IF(COUNTA($K$2:$AO$2)-4,IF(OR(Z$4="Mon",Z$4="Tue"),$E$1,$D$1))) -> ON | AA13: =IF($A13="","",IF(COUNTA($K$2:$AO$2)-4,IF(OR(AA$4<>"Mon",AA$4<>"Tue"),IF(AND($G13="A",$H13="A",$J13="WK "&_xlfn.ISOWEEKNUM($Y$2)),$D$1,$E$1)))) -> OFF | AB13: =IF($A13="","",IF(COUNTA($K$2:$AO$2)-4,IF(OR(AB$4<>"Mon",AB$4<>"Tue"),IF(AND($G13="B",$H13="B",$J13="WK "&_xlfn.ISOWEEKNUM($Y$2)),$D$1,$E$1)))) -> ON | AC13: =IF($A13="","",IF(COUNTA($K$2:$AO$2)-4,IF(OR(AC$4<>"Mon",AC$4<>"Tue"),IF(AND($G13="C",$H13="C",$J13="WK "&_xlfn.ISOWEEKNUM($Y$2)),$D$1,$E$1)))) -> ON | AD13: =IF($A13="","",IF(COUNTA($K$2:$AO$2)-4,IF(OR(AD$4<>"Mon",AD$4<>"Tue"),IF(AND($G13="D",$H13="D",$J13="WK "&_xlfn.ISOWEEKNUM($Y$2)),$D$1,$E$1)))) -> ON | AF13: =IF($A13="","",IF(COUNTA($K$2:$AO$2)-4,IF(OR(AF$4="Mon",AF$4="Tue"),$E$1,$D$1))) -> ON | AG13: =IF($A13="","",IF(COUNTA($K$2:$AO$2)-4,IF(OR(AG$4="Mon",AG$4="Tue"),$E$1,$D$1))) -> ON | AH13: =IF($A13="","",IF(COUNTA($K$2:$AO$2)-4,IF(OR(AH$4<>"Mon",AH$4<>"Tue"),IF(AND($G13="A",$H13="A",$J13="WK "&_xlfn.ISOWEEKNUM($AF$2)),$D$1,$E$1)))) -> ON | AI13: =IF($A13="","",IF(COUNTA($K$2:$AO$2)-4,IF(OR(AI$4<>"Mon",AI$4<>"Tue"),IF(AND($G13="B",$H13="B",$J13="WK "&_xlfn.ISOWEEKNUM($AF$2)),$D$1,$E$1)))) -> ON | AJ13: =IF($A13="","",IF(COUNTA($K$2:$AO$2)-4,IF(OR(AJ$4<>"Mon",AJ$4<>"Tue"),IF(AND($G13="C",$H13="C",$J13="WK "&_xlfn.ISOWEEKNUM($AF$2)),$D$1,$E$1)))) -> ON | AK13: =IF($A13="","",IF(COUNTA($K$2:$AO$2)-4,IF(OR(AK$4<>"Mon",AK$4<>"Tue"),IF(AND($G13="D",$H13="D",$J13="WK "&_xlfn.ISOWEEKNUM($AF$2)),$D$1,$E$1)))) -> ON | AM13: =IF(COUNTA($K$2:$AO$2)-4,IF(OR(AM$4="Mon",AM$4="Tue"),$E$1,$D$1)) -> ON | AN13: =IF(COUNTA($K$2:$AO$2)-4,IF(OR(AN$4="Mon",AN$4="Tue"),$E$1,$D$1)) -> ON | AO13: =IF(COUNTA($K$2:$AO$2)-4,IF(OR(AO$4="Mon",AO$4="Tue",AO$4="Wed"),$E$1,$D$1)) -> ON
A14: =CHOOSE(RANDBETWEEN(1,5),"Lagos","Ogun","Ondo","Oyo","Ekiti") -> Lagos | B14: =CHOOSE(RANDBETWEEN(1,5),"A","B","C","D","E") -> B | C14: =CHOOSE(RANDBETWEEN(1,5),"A1","B1","C1","D1","E1") -> D1 | D14: Tricycle | E14: =COUNTIF(K14:AO14, "ON") -> 25 | F14: =COUNTIF(K14:AO14, "OFF") -> 2 | G14: B | H14: B | I14: =IF($A14="","",IF(COUNTA($R$2:$W$2)=6,"WK "&_xlfn.ISOWEEKNUM($R$2))) -> WK 19 | J14: =IF($A14="","",IF(COUNTA($AF$2:$AK$2)=6,"WK "&_xlfn.ISOWEEKNUM($AF$2))) -> WK 21 | K14: =IF($A14="","",IF(COUNTA($K$2:$AO$2)-4,IF(OR(K$4="Mon",K$4="Tue"),$E$1,$D$1))) -> ON | L14: =IF($A14="","",IF(COUNTA($K$2:$AO$2)-4,IF(OR(L$4="Mon",L$4="Tue"),$E$1,$D$1))) -> ON | M14: =IF($A14="","",IF(COUNTA($K$2:$AO$2)-4,IF(OR(M$4<>"Mon",M$4<>"Tue"),IF(AND($G14="A",$H14="A",$I14="WK "&_xlfn.ISOWEEKNUM($K$2)),$D$1,$E$1)))) -> ON | N14: =IF($A14="","",IF(COUNTA($K$2:$AO$2)-4,IF(OR(N$4<>"Mon",N$4<>"Tue"),IF(AND($G14="B",$H14="B",$I14="WK "&_xlfn.ISOWEEKNUM($K$2)),$D$1,$E$1)))) -> ON | O14: =IF($A14="","",IF(COUNTA($K$2:$AO$2)-4,IF(OR(O$4<>"Mon",O$4<>"Tue"),IF(AND($G14="C",$H14="C",$I14="WK "&_xlfn.ISOWEEKNUM($K$2)),$D$1,$E$1)))) -> ON | P14: =IF($A14="","",IF(COUNTA($K$2:$AO$2)-4,IF(OR(P$4<>"Mon",P$4<>"Tue"),IF(AND($G14="D",$H14="D",$I14="WK "&_xlfn.ISOWEEKNUM($K$2)),$D$1,$E$1)))) -> ON | R14: =IF($A14="","",IF(COUNTA($K$2:$AO$2)-4,IF(OR(R$4="Mon",R$4="Tue"),$E$1,$D$1))) -> ON | S14: =IF($A14="","",IF(COUNTA($K$2:$AO$2)-4,IF(OR(S$4="Mon",S$4="Tue"),$E$1,$D$1))) -> ON | T14: =IF($A14="","",IF(COUNTA($K$2:$AO$2)-4,IF(OR(T$4<>"Mon",T$4<>"Tue"),IF(AND($G14="A",$H14="A",$I14="WK "&_xlfn.ISOWEEKNUM($R$2)),$D$1,$E$1)))) -> ON | U14: =IF($A14="","",IF(COUNTA($K$2:$AO$2)-4,IF(OR(U$4<>"Mon",U$4<>"Tue"),IF(AND($G14="B",$H14="B",$I14="WK "&_xlfn.ISOWEEKNUM($R$2)),$D$1,$E$1)))) -> OFF | V14: =IF($A14="","",IF(COUNTA($K$2:$AO$2)-4,IF(OR(V$4<>"Mon",V$4<>"Tue"),IF(AND($G14="C",$H14="C",$I14="WK "&_xlfn.ISOWEEKNUM($R$2)),$D$1,$E$1)))) -> ON | W14: =IF($A14="","",IF(COUNTA($K$2:$AO$2)-4,IF(OR(W$4<>"Mon",W$4<>"Tue"),IF(AND($G14="D",$H14="D",$I14="WK "&_xlfn.ISOWEEKNUM($R$2)),$D$1,$E$1)))) -> ON | Y14: =IF($A14="","",IF(COUNTA($K$2:$AO$2)-4,IF(OR(Y$4="Mon",Y$4="Tue"),$E$1,$D$1))) -> ON | Z14: =IF($A14="","",IF(COUNTA($K$2:$AO$2)-4,IF(OR(Z$4="Mon",Z$4="Tue"),$E$1,$D$1))) -> ON | AA14: =IF($A14="","",IF(COUNTA($K$2:$AO$2)-4,IF(OR(AA$4<>"Mon",AA$4<>"Tue"),IF(AND($G14="A",$H14="A",$J14="WK "&_xlfn.ISOWEEKNUM($Y$2)),$D$1,$E$1)))) -> ON | AB14: =IF($A14="","",IF(COUNTA($K$2:$AO$2)-4,IF(OR(AB$4<>"Mon",AB$4<>"Tue"),IF(AND($G14="B",$H14="B",$J14="WK "&_xlfn.ISOWEEKNUM($Y$2)),$D$1,$E$1)))) -> ON | AC14: =IF($A14="","",IF(COUNTA($K$2:$AO$2)-4,IF(OR(AC$4<>"Mon",AC$4<>"Tue"),IF(AND($G14="C",$H14="C",$J14="WK "&_xlfn.ISOWEEKNUM($Y$2)),$D$1,$E$1)))) -> ON | AD14: =IF($A14="","",IF(COUNTA($K$2:$AO$2)-4,IF(OR(AD$4<>"Mon",AD$4<>"Tue"),IF(AND($G14="D",$H14="D",$J14="WK "&_xlfn.ISOWEEKNUM($Y$2)),$D$1,$E$1)))) -> ON | AF14: =IF($A14="","",IF(COUNTA($K$2:$AO$2)-4,IF(OR(AF$4="Mon",AF$4="Tue"),$E$1,$D$1))) -> ON | AG14: =IF($A14="","",IF(COUNTA($K$2:$AO$2)-4,IF(OR(AG$4="Mon",AG$4="Tue"),$E$1,$D$1))) -> ON | AH14: =IF($A14="","",IF(COUNTA($K$2:$AO$2)-4,IF(OR(AH$4<>"Mon",AH$4<>"Tue"),IF(AND($G14="A",$H14="A",$J14="WK "&_xlfn.ISOWEEKNUM($AF$2)),$D$1,$E$1)))) -> ON | AI14: =IF($A14="","",IF(COUNTA($K$2:$AO$2)-4,IF(OR(AI$4<>"Mon",AI$4<>"Tue"),IF(AND($G14="B",$H14="B",$J14="WK "&_xlfn.ISOWEEKNUM($AF$2)),$D$1,$E$1)))) -> OFF | AJ14: =IF($A14="","",IF(COUNTA($K$2:$AO$2)-4,IF(OR(AJ$4<>"Mon",AJ$4<>"Tue"),IF(AND($G14="C",$H14="C",$J14="WK "&_xlfn.ISOWEEKNUM($AF$2)),$D$1,$E$1)))) -> ON | AK14: =IF($A14="","",IF(COUNTA($K$2:$AO$2)-4,IF(OR(AK$4<>"Mon",AK$4<>"Tue"),IF(AND($G14="D",$H14="D",$J14="WK "&_xlfn.ISOWEEKNUM($AF$2)),$D$1,$E$1)))) -> ON | AM14: =IF(COUNTA($K$2:$AO$2)-4,IF(OR(AM$4="Mon",AM$4="Tue"),$E$1,$D$1)) -> ON | AN14: =IF(COUNTA($K$2:$AO$2)-4,IF(OR(AN$4="Mon",AN$4="Tue"),$E$1,$D$1)) -> ON | AO14: =IF(COUNTA($K$2:$AO$2)-4,IF(OR(AO$4="Mon",AO$4="Tue",AO$4="Wed"),$E$1,$D$1)) -> ON
A15: =CHOOSE(RANDBETWEEN(1,5),"Lagos","Ogun","Ondo","Oyo","Ekiti") -> Ogun | B15: =CHOOSE(RANDBETWEEN(1,5),"A","B","C","D","E") -> B | C15: =CHOOSE(RANDBETWEEN(1,5),"A1","B1","C1","D1","E1") -> E1 | D15: Tricycle | E15: =COUNTIF(K15:AO15, "ON") -> 25 | F15: =COUNTIF(K15:AO15, "OFF") -> 2 | G15: C | H15: C | I15: =IF($A15="","",IF(COUNTA($K$2:$P$2)=6,"WK "&_xlfn.ISOWEEKNUM($K$2))) -> WK 18 | J15: =IF($A15="","",IF(COUNTA($Y$2:$AD$2)=6,"WK "&_xlfn.ISOWEEKNUM($Y$2))) -> WK 20 | K15: =IF($A15="","",IF(COUNTA($K$2:$AO$2)-4,IF(OR(K$4="Mon",K$4="Tue"),$E$1,$D$1))) -> ON | L15: =IF($A15="","",IF(COUNTA($K$2:$AO$2)-4,IF(OR(L$4="Mon",L$4="Tue"),$E$1,$D$1))) -> ON | M15: =IF($A15="","",IF(COUNTA($K$2:$AO$2)-4,IF(OR(M$4<>"Mon",M$4<>"Tue"),IF(AND($G15="A",$H15="A",$I15="WK "&_xlfn.ISOWEEKNUM($K$2)),$D$1,$E$1)))) -> ON | N15: =IF($A15="","",IF(COUNTA($K$2:$AO$2)-4,IF(OR(N$4<>"Mon",N$4<>"Tue"),IF(AND($G15="B",$H15="B",$I15="WK "&_xlfn.ISOWEEKNUM($K$2)),$D$1,$E$1)))) -> ON | O15: =IF($A15="","",IF(COUNTA($K$2:$AO$2)-4,IF(OR(O$4<>"Mon",O$4<>"Tue"),IF(AND($G15="C",$H15="C",$I15="WK "&_xlfn.ISOWEEKNUM($K$2)),$D$1,$E$1)))) -> OFF | P15: =IF($A15="","",IF(COUNTA($K$2:$AO$2)-4,IF(OR(P$4<>"Mon",P$4<>"Tue"),IF(AND($G15="D",$H15="D",$I15="WK "&_xlfn.ISOWEEKNUM($K$2)),$D$1,$E$1)))) -> ON | R15: =IF($A15="","",IF(COUNTA($K$2:$AO$2)-4,IF(OR(R$4="Mon",R$4="Tue"),$E$1,$D$1))) -> ON | S15: =IF($A15="","",IF(COUNTA($K$2:$AO$2)-4,IF(OR(S$4="Mon",S$4="Tue"),$E$1,$D$1))) -> ON | T15: =IF($A15="","",IF(COUNTA($K$2:$AO$2)-4,IF(OR(T$4<>"Mon",T$4<>"Tue"),IF(AND($G15="A",$H15="A",$I15="WK "&_xlfn.ISOWEEKNUM($R$2)),$D$1,$E$1)))) -> ON | U15: =IF($A15="","",IF(COUNTA($K$2:$AO$2)-4,IF(OR(U$4<>"Mon",U$4<>"Tue"),IF(AND($G15="B",$H15="B",$I15="WK "&_xlfn.ISOWEEKNUM($R$2)),$D$1,$E$1)))) -> ON | V15: =IF($A15="","",IF(COUNTA($K$2:$AO$2)-4,IF(OR(V$4<>"Mon",V$4<>"Tue"),IF(AND($G15="C",$H15="C",$I15="WK "&_xlfn.ISOWEEKNUM($R$2)),$D$1,$E$1)))) -> ON | W15: =IF($A15="","",IF(COUNTA($K$2:$AO$2)-4,IF(OR(W$4<>"Mon",W$4<>"Tue"),IF(AND($G15="D",$H15="D",$I15="WK "&_xlfn.ISOWEEKNUM($R$2)),$D$1,$E$1)))) -> ON | Y15: =IF($A15="","",IF(COUNTA($K$2:$AO$2)-4,IF(OR(Y$4="Mon",Y$4="Tue"),$E$1,$D$1))) -> ON | Z15: =IF($A15="","",IF(COUNTA($K$2:$AO$2)-4,IF(OR(Z$4="Mon",Z$4="Tue"),$E$1,$D$1))) -> ON | AA15: =IF($A15="","",IF(COUNTA($K$2:$AO$2)-4,IF(OR(AA$4<>"Mon",AA$4<>"Tue"),IF(AND($G15="A",$H15="A",$J15="WK "&_xlfn.ISOWEEKNUM($Y$2)),$D$1,$E$1)))) -> ON | AB15: =IF($A15="","",IF(COUNTA($K$2:$AO$2)-4,IF(OR(AB$4<>"Mon",AB$4<>"Tue"),IF(AND($G15="B",$H15="B",$J15="WK "&_xlfn.ISOWEEKNUM($Y$2)),$D$1,$E$1)))) -> ON | AC15: =IF($A15="","",IF(COUNTA($K$2:$AO$2)-4,IF(OR(AC$4<>"Mon",AC$4<>"Tue"),IF(AND($G15="C",$H15="C",$J15="WK "&_xlfn.ISOWEEKNUM($Y$2)),$D$1,$E$1)))) -> OFF | AD15: =IF($A15="","",IF(COUNTA($K$2:$AO$2)-4,IF(OR(AD$4<>"Mon",AD$4<>"Tue"),IF(AND($G15="D",$H15="D",$J15="WK "&_xlfn.ISOWEEKNUM($Y$2)),$D$1,$E$1)))) -> ON | AF15: =IF($A15="","",IF(COUNTA($K$2:$AO$2)-4,IF(OR(AF$4="Mon",AF$4="Tue"),$E$1,$D$1))) -> ON | AG15: =IF($A15="","",IF(COUNTA($K$2:$AO$2)-4,IF(OR(AG$4="Mon",AG$4="Tue"),$E$1,$D$1))) -> ON | AH15: =IF($A15="","",IF(COUNTA($K$2:$AO$2)-4,IF(OR(AH$4<>"Mon",AH$4<>"Tue"),IF(AND($G15="A",$H15="A",$J15="WK "&_xlfn.ISOWEEKNUM($AF$2)),$D$1,$E$1)))) -> ON | AI15: =IF($A15="","",IF(COUNTA($K$2:$AO$2)-4,IF(OR(AI$4<>"Mon",AI$4<>"Tue"),IF(AND($G15="B",$H15="B",$J15="WK "&_xlfn.ISOWEEKNUM($AF$2)),$D$1,$E$1)))) -> ON | AJ15: =IF($A15="","",IF(COUNTA($K$2:$AO$2)-4,IF(OR(AJ$4<>"Mon",AJ$4<>"Tue"),IF(AND($G15="C",$H15="C",$J15="WK "&_xlfn.ISOWEEKNUM($AF$2)),$D$1,$E$1)))) -> ON | AK15: =IF($A15="","",IF(COUNTA($K$2:$AO$2)-4,IF(OR(AK$4<>"Mon",AK$4<>"Tue"),IF(AND($G15="D",$H15="D",$J15="WK "&_xlfn.ISOWEEKNUM($AF$2)),$D$1,$E$1)))) -> ON | AM15: =IF(COUNTA($K$2:$AO$2)-4,IF(OR(AM$4="Mon",AM$4="Tue"),$E$1,$D$1)) -> ON | AN15: =IF(COUNTA($K$2:$AO$2)-4,IF(OR(AN$4="Mon",AN$4="Tue"),$E$1,$D$1)) -> ON | AO15: =IF(COUNTA($K$2:$AO$2)-4,IF(OR(AO$4="Mon",AO$4="Tue",AO$4="Wed"),$E$1,$D$1)) -> ON
A16: =CHOOSE(RANDBETWEEN(1,5),"Lagos","Ogun","Ondo","Oyo","Ekiti") -> Ondo | B16: =CHOOSE(RANDBETWEEN(1,5),"A","B","C","D","E") -> B | C16: =CHOOSE(RANDBETWEEN(1,5),"A1","B1","C1","D1","E1") -> C1 | D16: Van | E16: =COUNTIF(K16:AO16, "ON") -> 25 | F16: =COUNTIF(K16:AO16, "OFF") -> 2 | G16: D | H16: D | I16: =IF($A16="","",IF(COUNTA($R$2:$W$2)=6,"WK "&_xlfn.ISOWEEKNUM($R$2))) -> WK 19 | J16: =IF($A16="","",IF(COUNTA($AF$2:$AK$2)=6,"WK "&_xlfn.ISOWEEKNUM($AF$2))) -> WK 21 | K16: =IF($A16="","",IF(COUNTA($K$2:$AO$2)-4,IF(OR(K$4="Mon",K$4="Tue"),$E$1,$D$1))) -> ON | L16: =IF($A16="","",IF(COUNTA($K$2:$AO$2)-4,IF(OR(L$4="Mon",L$4="Tue"),$E$1,$D$1))) -> ON | M16: =IF($A16="","",IF(COUNTA($K$2:$AO$2)-4,IF(OR(M$4<>"Mon",M$4<>"Tue"),IF(AND($G16="A",$H16="A",$I16="WK "&_xlfn.ISOWEEKNUM($K$2)),$D$1,$E$1)))) -> ON | N16: =IF($A16="","",IF(COUNTA($K$2:$AO$2)-4,IF(OR(N$4<>"Mon",N$4<>"Tue"),IF(AND($G16="B",$H16="B",$I16="WK "&_xlfn.ISOWEEKNUM($K$2)),$D$1,$E$1)))) -> ON | O16: =IF($A16="","",IF(COUNTA($K$2:$AO$2)-4,IF(OR(O$4<>"Mon",O$4<>"Tue"),IF(AND($G16="C",$H16="C",$I16="WK "&_xlfn.ISOWEEKNUM($K$2)),$D$1,$E$1)))) -> ON | P16: =IF($A16="","",IF(COUNTA($K$2:$AO$2)-4,IF(OR(P$4<>"Mon",P$4<>"Tue"),IF(AND($G16="D",$H16="D",$I16="WK "&_xlfn.ISOWEEKNUM($K$2)),$D$1,$E$1)))) -> ON | R16: =IF($A16="","",IF(COUNTA($K$2:$AO$2)-4,IF(OR(R$4="Mon",R$4="Tue"),$E$1,$D$1))) -> ON | S16: =IF($A16="","",IF(COUNTA($K$2:$AO$2)-4,IF(OR(S$4="Mon",S$4="Tue"),$E$1,$D$1))) -> ON | T16: =IF($A16="","",IF(COUNTA($K$2:$AO$2)-4,IF(OR(T$4<>"Mon",T$4<>"Tue"),IF(AND($G16="A",$H16="A",$I16="WK "&_xlfn.ISOWEEKNUM($R$2)),$D$1,$E$1)))) -> ON | U16: =IF($A16="","",IF(COUNTA($K$2:$AO$2)-4,IF(OR(U$4<>"Mon",U$4<>"Tue"),IF(AND($G16="B",$H16="B",$I16="WK "&_xlfn.ISOWEEKNUM($R$2)),$D$1,$E$1)))) -> ON | V16: =IF($A16="","",IF(COUNTA($K$2:$AO$2)-4,IF(OR(V$4<>"Mon",V$4<>"Tue"),IF(AND($G16="C",$H16="C",$I16="WK "&_xlfn.ISOWEEKNUM($R$2)),$D$1,$E$1)))) -> ON | W16: =IF($A16="","",IF(COUNTA($K$2:$AO$2)-4,IF(OR(W$4<>"Mon",W$4<>"Tue"),IF(AND($G16="D",$H16="D",$I16="WK "&_xlfn.ISOWEEKNUM($R$2)),$D$1,$E$1)))) -> OFF | Y16: =IF($A16="","",IF(COUNTA($K$2:$AO$2)-4,IF(OR(Y$4="Mon",Y$4="Tue"),$E$1,$D$1))) -> ON | Z16: =IF($A16="","",IF(COUNTA($K$2:$AO$2)-4,IF(OR(Z$4="Mon",Z$4="Tue"),$E$1,$D$1))) -> ON | AA16: =IF($A16="","",IF(COUNTA($K$2:$AO$2)-4,IF(OR(AA$4<>"Mon",AA$4<>"Tue"),IF(AND($G16="A",$H16="A",$J16="WK "&_xlfn.ISOWEEKNUM($Y$2)),$D$1,$E$1)))) -> ON | AB16: =IF($A16="","",IF(COUNTA($K$2:$AO$2)-4,IF(OR(AB$4<>"Mon",AB$4<>"Tue"),IF(AND($G16="B",$H16="B",$J16="WK "&_xlfn.ISOWEEKNUM($Y$2)),$D$1,$E$1)))) -> ON | AC16: =IF($A16="","",IF(COUNTA($K$2:$AO$2)-4,IF(OR(AC$4<>"Mon",AC$4<>"Tue"),IF(AND($G16="C",$H16="C",$J16="WK "&_xlfn.ISOWEEKNUM($Y$2)),$D$1,$E$1)))) -> ON | AD16: =IF($A16="","",IF(COUNTA($K$2:$AO$2)-4,IF(OR(AD$4<>"Mon",AD$4<>"Tue"),IF(AND($G16="D",$H16="D",$J16="WK "&_xlfn.ISOWEEKNUM($Y$2)),$D$1,$E$1)))) -> ON | AF16: =IF($A16="","",IF(COUNTA($K$2:$AO$2)-4,IF(OR(AF$4="Mon",AF$4="Tue"),$E$1,$D$1))) -> ON | AG16: =IF($A16="","",IF(COUNTA($K$2:$AO$2)-4,IF(OR(AG$4="Mon",AG$4="Tue"),$E$1,$D$1))) -> ON | AH16: =IF($A16="","",IF(COUNTA($K$2:$AO$2)-4,IF(OR(AH$4<>"Mon",AH$4<>"Tue"),IF(AND($G16="A",$H16="A",$J16="WK "&_xlfn.ISOWEEKNUM($AF$2)),$D$1,$E$1)))) -> ON | AI16: =IF($A16="","",IF(COUNTA($K$2:$AO$2)-4,IF(OR(AI$4<>"Mon",AI$4<>"Tue"),IF(AND($G16="B",$H16="B",$J16="WK "&_xlfn.ISOWEEKNUM($AF$2)),$D$1,$E$1)))) -> ON | AJ16: =IF($A16="","",IF(COUNTA($K$2:$AO$2)-4,IF(OR(AJ$4<>"Mon",AJ$4<>"Tue"),IF(AND($G16="C",$H16="C",$J16="WK "&_xlfn.ISOWEEKNUM($AF$2)),$D$1,$E$1)))) -> ON | AK16: =IF($A16="","",IF(COUNTA($K$2:$AO$2)-4,IF(OR(AK$4<>"Mon",AK$4<>"Tue"),IF(AND($G16="D",$H16="D",$J16="WK "&_xlfn.ISOWEEKNUM($AF$2)),$D$1,$E$1)))) -> OFF | AM16: =IF(COUNTA($K$2:$AO$2)-4,IF(OR(AM$4="Mon",AM$4="Tue"),$E$1,$D$1)) -> ON | AN16: =IF(COUNTA($K$2:$AO$2)-4,IF(OR(AN$4="Mon",AN$4="Tue"),$E$1,$D$1)) -> ON | AO16: =IF(COUNTA($K$2:$AO$2)-4,IF(OR(AO$4="Mon",AO$4="Tue",AO$4="Wed"),$E$1,$D$1)) -> ON
A17: =CHOOSE(RANDBETWEEN(1,5),"Lagos","Ogun","Ondo","Oyo","Ekiti") -> Ekiti | B17: =CHOOSE(RANDBETWEEN(1,5),"A","B","C","D","E") -> C | C17: =CHOOSE(RANDBETWEEN(1,5),"A1","B1","C1","D1","E1") -> A1 | D17: Van | E17: =COUNTIF(K17:AO17, "ON") -> 25 | F17: =COUNTIF(K17:AO17, "OFF") -> 2 | G17: {=IF($G$5:$G$8={"A";"B";"C";"D"},{"D";"C";"B";"A"},{"A";"B";"C";"D"})} -> D | H17: {=IF($H$5:$H$8={"A";"B";"C";"D"},{"D";"C";"B";"A"},{"A";"B";"C";"D"})} -> D | I17: =IF($A17="","",IF(COUNTA($K$2:$P$2)=6,"WK "&_xlfn.ISOWEEKNUM($K$2))) -> WK 18 | J17: =IF($A17="","",IF(COUNTA($Y$2:$AD$2)=6,"WK "&_xlfn.ISOWEEKNUM($Y$2))) -> WK 20 | K17: =IF($A17="","",IF(COUNTA($K$2:$AO$2)-4,IF(OR(K$4="Mon",K$4="Tue"),$E$1,$D$1))) -> ON | L17: =IF($A17="","",IF(COUNTA($K$2:$AO$2)-4,IF(OR(L$4="Mon",L$4="Tue"),$E$1,$D$1))) -> ON | M17: =IF($A17="","",IF(COUNTA($K$2:$AO$2)-4,IF(OR(M$4<>"Mon",M$4<>"Tue"),IF(AND($G17="A",$H17="A",$I17="WK "&_xlfn.ISOWEEKNUM($K$2)),$D$1,$E$1)))) -> ON | N17: =IF($A17="","",IF(COUNTA($K$2:$AO$2)-4,IF(OR(N$4<>"Mon",N$4<>"Tue"),IF(AND($G17="B",$H17="B",$I17="WK "&_xlfn.ISOWEEKNUM($K$2)),$D$1,$E$1)))) -> ON | O17: =IF($A17="","",IF(COUNTA($K$2:$AO$2)-4,IF(OR(O$4<>"Mon",O$4<>"Tue"),IF(AND($G17="C",$H17="C",$I17="WK "&_xlfn.ISOWEEKNUM($K$2)),$D$1,$E$1)))) -> ON | P17: =IF($A17="","",IF(COUNTA($K$2:$AO$2)-4,IF(OR(P$4<>"Mon",P$4<>"Tue"),IF(AND($G17="D",$H17="D",$I17="WK "&_xlfn.ISOWEEKNUM($K$2)),$D$1,$E$1)))) -> OFF | R17: =IF($A17="","",IF(COUNTA($K$2:$AO$2)-4,IF(OR(R$4="Mon",R$4="Tue"),$E$1,$D$1))) -> ON | S17: =IF($A17="","",IF(COUNTA($K$2:$AO$2)-4,IF(OR(S$4="Mon",S$4="Tue"),$E$1,$D$1))) -> ON | T17: =IF($A17="","",IF(COUNTA($K$2:$AO$2)-4,IF(OR(T$4<>"Mon",T$4<>"Tue"),IF(AND($G17="A",$H17="A",$I17="WK "&_xlfn.ISOWEEKNUM($R$2)),$D$1,$E$1)))) -> ON | U17: =IF($A17="","",IF(COUNTA($K$2:$AO$2)-4,IF(OR(U$4<>"Mon",U$4<>"Tue"),IF(AND($G17="B",$H17="B",$I17="WK "&_xlfn.ISOWEEKNUM($R$2)),$D$1,$E$1)))) -> ON | V17: =IF($A17="","",IF(COUNTA($K$2:$AO$2)-4,IF(OR(V$4<>"Mon",V$4<>"Tue"),IF(AND($G17="C",$H17="C",$I17="WK "&_xlfn.ISOWEEKNUM($R$2)),$D$1,$E$1)))) -> ON | W17: =IF($A17="","",IF(COUNTA($K$2:$AO$2)-4,IF(OR(W$4<>"Mon",W$4<>"Tue"),IF(AND($G17="D",$H17="D",$I17="WK "&_xlfn.ISOWEEKNUM($R$2)),$D$1,$E$1)))) -> ON | Y17: =IF($A17="","",IF(COUNTA($K$2:$AO$2)-4,IF(OR(Y$4="Mon",Y$4="Tue"),$E$1,$D$1))) -> ON | Z17: =IF($A17="","",IF(COUNTA($K$2:$AO$2)-4,IF(OR(Z$4="Mon",Z$4="Tue"),$E$1,$D$1))) -> ON | AA17: =IF($A17="","",IF(COUNTA($K$2:$AO$2)-4,IF(OR(AA$4<>"Mon",AA$4<>"Tue"),IF(AND($G17="A",$H17="A",$J17="WK "&_xlfn.ISOWEEKNUM($Y$2)),$D$1,$E$1)))) -> ON | AB17: =IF($A17="","",IF(COUNTA($K$2:$AO$2)-4,IF(OR(AB$4<>"Mon",AB$4<>"Tue"),IF(AND($G17="B",$H17="B",$J17="WK "&_xlfn.ISOWEEKNUM($Y$2)),$D$1,$E$1)))) -> ON | AC17: =IF($A17="","",IF(COUNTA($K$2:$AO$2)-4,IF(OR(AC$4<>"Mon",AC$4<>"Tue"),IF(AND($G17="C",$H17="C",$J17="WK "&_xlfn.ISOWEEKNUM($Y$2)),$D$1,$E$1)))) -> ON | AD17: =IF($A17="","",IF(COUNTA($K$2:$AO$2)-4,IF(OR(AD$4<>"Mon",AD$4<>"Tue"),IF(AND($G17="D",$H17="D",$J17="WK "&_xlfn.ISOWEEKNUM($Y$2)),$D$1,$E$1)))) -> OFF | AF17: =IF($A17="","",IF(COUNTA($K$2:$AO$2)-4,IF(OR(AF$4="Mon",AF$4="Tue"),$E$1,$D$1))) -> ON | AG17: =IF($A17="","",IF(COUNTA($K$2:$AO$2)-4,IF(OR(AG$4="Mon",AG$4="Tue"),$E$1,$D$1))) -> ON | AH17: =IF($A17="","",IF(COUNTA($K$2:$AO$2)-4,IF(OR(AH$4<>"Mon",AH$4<>"Tue"),IF(AND($G17="A",$H17="A",$J17="WK "&_xlfn.ISOWEEKNUM($AF$2)),$D$1,$E$1)))) -> ON | AI17: =IF($A17="","",IF(COUNTA($K$2:$AO$2)-4,IF(OR(AI$4<>"Mon",AI$4<>"Tue"),IF(AND($G17="B",$H17="B",$J17="WK "&_xlfn.ISOWEEKNUM($AF$2)),$D$1,$E$1)))) -> ON | AJ17: =IF($A17="","",IF(COUNTA($K$2:$AO$2)-4,IF(OR(AJ$4<>"Mon",AJ$4<>"Tue"),IF(AND($G17="C",$H17="C",$J17="WK "&_xlfn.ISOWEEKNUM($AF$2)),$D$1,$E$1)))) -> ON | AK17: =IF($A17="","",IF(COUNTA($K$2:$AO$2)-4,IF(OR(AK$4<>"Mon",AK$4<>"Tue"),IF(AND($G17="D",$H17="D",$J17="WK "&_xlfn.ISOWEEKNUM($AF$2)),$D$1,$E$1)))) -> ON | AM17: =IF(COUNTA($K$2:$AO$2)-4,IF(OR(AM$4="Mon",AM$4="Tue"),$E$1,$D$1)) -> ON | AN17: =IF(COUNTA($K$2:$AO$2)-4,IF(OR(AN$4="Mon",AN$4="Tue"),$E$1,$D$1)) -> ON | AO17: =IF(COUNTA($K$2:$AO$2)-4,IF(OR(AO$4="Mon",AO$4="Tue",AO$4="Wed"),$E$1,$D$1)) -> ON
A18: =CHOOSE(RANDBETWEEN(1,5),"Lagos","Ogun","Ondo","Oyo","Ekiti") -> Ogun | B18: =CHOOSE(RANDBETWEEN(1,5),"A","B","C","D","E") -> D | C18: =CHOOSE(RANDBETWEEN(1,5),"A1","B1","C1","D1","E1") -> B1 | D18: Van | E18: =COUNTIF(K18:AO18, "ON") -> 25 | F18: =COUNTIF(K18:AO18, "OFF") -> 2 | G18: C | H18: C | I18: =IF($A18="","",IF(COUNTA($R$2:$W$2)=6,"WK "&_xlfn.ISOWEEKNUM($R$2))) -> WK 19 | J18: =IF($A18="","",IF(COUNTA($AF$2:$AK$2)=6,"WK "&_xlfn.ISOWEEKNUM($AF$2))) -> WK 21 | K18: =IF($A18="","",IF(COUNTA($K$2:$AO$2)-4,IF(OR(K$4="Mon",K$4="Tue"),$E$1,$D$1))) -> ON | L18: =IF($A18="","",IF(COUNTA($K$2:$AO$2)-4,IF(OR(L$4="Mon",L$4="Tue"),$E$1,$D$1))) -> ON | M18: =IF($A18="","",IF(COUNTA($K$2:$AO$2)-4,IF(OR(M$4<>"Mon",M$4<>"Tue"),IF(AND($G18="A",$H18="A",$I18="WK "&_xlfn.ISOWEEKNUM($K$2)),$D$1,$E$1)))) -> ON | N18: =IF($A18="","",IF(COUNTA($K$2:$AO$2)-4,IF(OR(N$4<>"Mon",N$4<>"Tue"),IF(AND($G18="B",$H18="B",$I18="WK "&_xlfn.ISOWEEKNUM($K$2)),$D$1,$E$1)))) -> ON | O18: =IF($A18="","",IF(COUNTA($K$2:$AO$2)-4,IF(OR(O$4<>"Mon",O$4<>"Tue"),IF(AND($G18="C",$H18="C",$I18="WK "&_xlfn.ISOWEEKNUM($K$2)),$D$1,$E$1)))) -> ON | P18: =IF($A18="","",IF(COUNTA($K$2:$AO$2)-4,IF(OR(P$4<>"Mon",P$4<>"Tue"),IF(AND($G18="D",$H18="D",$I18="WK "&_xlfn.ISOWEEKNUM($K$2)),$D$1,$E$1)))) -> ON | R18: =IF($A18="","",IF(COUNTA($K$2:$AO$2)-4,IF(OR(R$4="Mon",R$4="Tue"),$E$1,$D$1))) -> ON | S18: =IF($A18="","",IF(COUNTA($K$2:$AO$2)-4,IF(OR(S$4="Mon",S$4="Tue"),$E$1,$D$1))) -> ON | T18: =IF($A18="","",IF(COUNTA($K$2:$AO$2)-4,IF(OR(T$4<>"Mon",T$4<>"Tue"),IF(AND($G18="A",$H18="A",$I18="WK "&_xlfn.ISOWEEKNUM($R$2)),$D$1,$E$1)))) -> ON | U18: =IF($A18="","",IF(COUNTA($K$2:$AO$2)-4,IF(OR(U$4<>"Mon",U$4<>"Tue"),IF(AND($G18="B",$H18="B",$I18="WK "&_xlfn.ISOWEEKNUM($R$2)),$D$1,$E$1)))) -> ON | V18: =IF($A18="","",IF(COUNTA($K$2:$AO$2)-4,IF(OR(V$4<>"Mon",V$4<>"Tue"),IF(AND($G18="C",$H18="C",$I18="WK "&_xlfn.ISOWEEKNUM($R$2)),$D$1,$E$1)))) -> OFF | W18: =IF($A18="","",IF(COUNTA($K$2:$AO$2)-4,IF(OR(W$4<>"Mon",W$4<>"Tue"),IF(AND($G18="D",$H18="D",$I18="WK "&_xlfn.ISOWEEKNUM($R$2)),$D$1,$E$1)))) -> ON | Y18: =IF($A18="","",IF(COUNTA($K$2:$AO$2)-4,IF(OR(Y$4="Mon",Y$4="Tue"),$E$1,$D$1))) -> ON | Z18: =IF($A18="","",IF(COUNTA($K$2:$AO$2)-4,IF(OR(Z$4="Mon",Z$4="Tue"),$E$1,$D$1))) -> ON | AA18: =IF($A18="","",IF(COUNTA($K$2:$AO$2)-4,IF(OR(AA$4<>"Mon",AA$4<>"Tue"),IF(AND($G18="A",$H18="A",$J18="WK "&_xlfn.ISOWEEKNUM($Y$2)),$D$1,$E$1)))) -> ON | AB18: =IF($A18="","",IF(COUNTA($K$2:$AO$2)-4,IF(OR(AB$4<>"Mon",AB$4<>"Tue"),IF(AND($G18="B",$H18="B",$J18="WK "&_xlfn.ISOWEEKNUM($Y$2)),$D$1,$E$1)))) -> ON | AC18: =IF($A18="","",IF(COUNTA($K$2:$AO$2)-4,IF(OR(AC$4<>"Mon",AC$4<>"Tue"),IF(AND($G18="C",$H18="C",$J18="WK "&_xlfn.ISOWEEKNUM($Y$2)),$D$1,$E$1)))) -> ON | AD18: =IF($A18="","",IF(COUNTA($K$2:$AO$2)-4,IF(OR(AD$4<>"Mon",AD$4<>"Tue"),IF(AND($G18="D",$H18="D",$J18="WK "&_xlfn.ISOWEEKNUM($Y$2)),$D$1,$E$1)))) -> ON | AF18: =IF($A18="","",IF(COUNTA($K$2:$AO$2)-4,IF(OR(AF$4="Mon",AF$4="Tue"),$E$1,$D$1))) -> ON | AG18: =IF($A18="","",IF(COUNTA($K$2:$AO$2)-4,IF(OR(AG$4="Mon",AG$4="Tue"),$E$1,$D$1))) -> ON | AH18: =IF($A18="","",IF(COUNTA($K$2:$AO$2)-4,IF(OR(AH$4<>"Mon",AH$4<>"Tue"),IF(AND($G18="A",$H18="A",$J18="WK "&_xlfn.ISOWEEKNUM($AF$2)),$D$1,$E$1)))) -> ON | AI18: =IF($A18="","",IF(COUNTA($K$2:$AO$2)-4,IF(OR(AI$4<>"Mon",AI$4<>"Tue"),IF(AND($G18="B",$H18="B",$J18="WK "&_xlfn.ISOWEEKNUM($AF$2)),$D$1,$E$1)))) -> ON | AJ18: =IF($A18="","",IF(COUNTA($K$2:$AO$2)-4,IF(OR(AJ$4<>"Mon",AJ$4<>"Tue"),IF(AND($G18="C",$H18="C",$J18="WK "&_xlfn.ISOWEEKNUM($AF$2)),$D$1,$E$1)))) -> OFF | AK18: =IF($A18="","",IF(COUNTA($K$2:$AO$2)-4,IF(OR(AK$4<>"Mon",AK$4<>"Tue"),IF(AND($G18="D",$H18="D",$J18="WK "&_xlfn.ISOWEEKNUM($AF$2)),$D$1,$E$1)))) -> ON | AM18: =IF(COUNTA($K$2:$AO$2)-4,IF(OR(AM$4="Mon",AM$4="Tue"),$E$1,$D$1)) -> ON | AN18: =IF(COUNTA($K$2:$AO$2)-4,IF(OR(AN$4="Mon",AN$4="Tue"),$E$1,$D$1)) -> ON | AO18: =IF(COUNTA($K$2:$AO$2)-4,IF(OR(AO$4="Mon",AO$4="Tue",AO$4="Wed"),$E$1,$D$1)) -> ON
A19: =CHOOSE(RANDBETWEEN(1,5),"Lagos","Ogun","Ondo","Oyo","Ekiti") -> Ondo | B19: =CHOOSE(RANDBETWEEN(1,5),"A","B","C","D","E") -> A | C19: =CHOOSE(RANDBETWEEN(1,5),"A1","B1","C1","D1","E1") -> E1 | D19: Mini Bus | E19: =COUNTIF(K19:AO19, "ON") -> 25 | F19: =COUNTIF(K19:AO19, "OFF") -> 2 | G19: B | H19: B | I19: =IF($A19="","",IF(COUNTA($K$2:$P$2)=6,"WK "&_xlfn.ISOWEEKNUM($K$2))) -> WK 18 | J19: =IF($A19="","",IF(COUNTA($Y$2:$AD$2)=6,"WK "&_xlfn.ISOWEEKNUM($Y$2))) -> WK 20 | K19: =IF($A19="","",IF(COUNTA($K$2:$AO$2)-4,IF(OR(K$4="Mon",K$4="Tue"),$E$1,$D$1))) -> ON | L19: =IF($A19="","",IF(COUNTA($K$2:$AO$2)-4,IF(OR(L$4="Mon",L$4="Tue"),$E$1,$D$1))) -> ON | M19: =IF($A19="","",IF(COUNTA($K$2:$AO$2)-4,IF(OR(M$4<>"Mon",M$4<>"Tue"),IF(AND($G19="A",$H19="A",$I19="WK "&_xlfn.ISOWEEKNUM($K$2)),$D$1,$E$1)))) -> ON | N19: =IF($A19="","",IF(COUNTA($K$2:$AO$2)-4,IF(OR(N$4<>"Mon",N$4<>"Tue"),IF(AND($G19="B",$H19="B",$I19="WK "&_xlfn.ISOWEEKNUM($K$2)),$D$1,$E$1)))) -> OFF | O19: =IF($A19="","",IF(COUNTA($K$2:$AO$2)-4,IF(OR(O$4<>"Mon",O$4<>"Tue"),IF(AND($G19="C",$H19="C",$I19="WK "&_xlfn.ISOWEEKNUM($K$2)),$D$1,$E$1)))) -> ON | P19: =IF($A19="","",IF(COUNTA($K$2:$AO$2)-4,IF(OR(P$4<>"Mon",P$4<>"Tue"),IF(AND($G19="D",$H19="D",$I19="WK "&_xlfn.ISOWEEKNUM($K$2)),$D$1,$E$1)))) -> ON | R19: =IF($A19="","",IF(COUNTA($K$2:$AO$2)-4,IF(OR(R$4="Mon",R$4="Tue"),$E$1,$D$1))) -> ON | S19: =IF($A19="","",IF(COUNTA($K$2:$AO$2)-4,IF(OR(S$4="Mon",S$4="Tue"),$E$1,$D$1))) -> ON | T19: =IF($A19="","",IF(COUNTA($K$2:$AO$2)-4,IF(OR(T$4<>"Mon",T$4<>"Tue"),IF(AND($G19="A",$H19="A",$I19="WK "&_xlfn.ISOWEEKNUM($R$2)),$D$1,$E$1)))) -> ON | U19: =IF($A19="","",IF(COUNTA($K$2:$AO$2)-4,IF(OR(U$4<>"Mon",U$4<>"Tue"),IF(AND($G19="B",$H19="B",$I19="WK "&_xlfn.ISOWEEKNUM($R$2)),$D$1,$E$1)))) -> ON | V19: =IF($A19="","",IF(COUNTA($K$2:$AO$2)-4,IF(OR(V$4<>"Mon",V$4<>"Tue"),IF(AND($G19="C",$H19="C",$I19="WK "&_xlfn.ISOWEEKNUM($R$2)),$D$1,$E$1)))) -> ON | W19: =IF($A19="","",IF(COUNTA($K$2:$AO$2)-4,IF(OR(W$4<>"Mon",W$4<>"Tue"),IF(AND($G19="D",$H19="D",$I19="WK "&_xlfn.ISOWEEKNUM($R$2)),$D$1,$E$1)))) -> ON | Y19: =IF($A19="","",IF(COUNTA($K$2:$AO$2)-4,IF(OR(Y$4="Mon",Y$4="Tue"),$E$1,$D$1))) -> ON | Z19: =IF($A19="","",IF(COUNTA($K$2:$AO$2)-4,IF(OR(Z$4="Mon",Z$4="Tue"),$E$1,$D$1))) -> ON | AA19: =IF($A19="","",IF(COUNTA($K$2:$AO$2)-4,IF(OR(AA$4<>"Mon",AA$4<>"Tue"),IF(AND($G19="A",$H19="A",$J19="WK "&_xlfn.ISOWEEKNUM($Y$2)),$D$1,$E$1)))) -> ON | AB19: =IF($A19="","",IF(COUNTA($K$2:$AO$2)-4,IF(OR(AB$4<>"Mon",AB$4<>"Tue"),IF(AND($G19="B",$H19="B",$J19="WK "&_xlfn.ISOWEEKNUM($Y$2)),$D$1,$E$1)))) -> OFF | AC19: =IF($A19="","",IF(COUNTA($K$2:$AO$2)-4,IF(OR(AC$4<>"Mon",AC$4<>"Tue"),IF(AND($G19="C",$H19="C",$J19="WK "&_xlfn.ISOWEEKNUM($Y$2)),$D$1,$E$1)))) -> ON | AD19: =IF($A19="","",IF(COUNTA($K$2:$AO$2)-4,IF(OR(AD$4<>"Mon",AD$4<>"Tue"),IF(AND($G19="D",$H19="D",$J19="WK "&_xlfn.ISOWEEKNUM($Y$2)),$D$1,$E$1)))) -> ON | AF19: =IF($A19="","",IF(COUNTA($K$2:$AO$2)-4,IF(OR(AF$4="Mon",AF$4="Tue"),$E$1,$D$1))) -> ON | AG19: =IF($A19="","",IF(COUNTA($K$2:$AO$2)-4,IF(OR(AG$4="Mon",AG$4="Tue"),$E$1,$D$1))) -> ON | AH19: =IF($A19="","",IF(COUNTA($K$2:$AO$2)-4,IF(OR(AH$4<>"Mon",AH$4<>"Tue"),IF(AND($G19="A",$H19="A",$J19="WK "&_xlfn.ISOWEEKNUM($AF$2)),$D$1,$E$1)))) -> ON | AI19: =IF($A19="","",IF(COUNTA($K$2:$AO$2)-4,IF(OR(AI$4<>"Mon",AI$4<>"Tue"),IF(AND($G19="B",$H19="B",$J19="WK "&_xlfn.ISOWEEKNUM($AF$2)),$D$1,$E$1)))) -> ON | AJ19: =IF($A19="","",IF(COUNTA($K$2:$AO$2)-4,IF(OR(AJ$4<>"Mon",AJ$4<>"Tue"),IF(AND($G19="C",$H19="C",$J19="WK "&_xlfn.ISOWEEKNUM($AF$2)),$D$1,$E$1)))) -> ON | AK19: =IF($A19="","",IF(COUNTA($K$2:$AO$2)-4,IF(OR(AK$4<>"Mon",AK$4<>"Tue"),IF(AND($G19="D",$H19="D",$J19="WK "&_xlfn.ISOWEEKNUM($AF$2)),$D$1,$E$1)))) -> ON | AM19: =IF(COUNTA($K$2:$AO$2)-4,IF(OR(AM$4="Mon",AM$4="Tue"),$E$1,$D$1)) -> ON | AN19: =IF(COUNTA($K$2:$AO$2)-4,IF(OR(AN$4="Mon",AN$4="Tue"),$E$1,$D$1)) -> ON | AO19: =IF(COUNTA($K$2:$AO$2)-4,IF(OR(AO$4="Mon",AO$4="Tue",AO$4="Wed"),$E$1,$D$1)) -> ON
A20: =CHOOSE(RANDBETWEEN(1,5),"Lagos","Ogun","Ondo","Oyo","Ekiti") -> Ekiti | B20: =CHOOSE(RANDBETWEEN(1,5),"A","B","C","D","E") -> D | C20: =CHOOSE(RANDBETWEEN(1,5),"A1","B1","C1","D1","E1") -> E1 | D20: Mini Bus | E20: =COUNTIF(K20:AO20, "ON") -> 25 | F20: =COUNTIF(K20:AO20, "OFF") -> 2 | G20: A | H20: A | I20: =IF($A20="","",IF(COUNTA($R$2:$W$2)=6,"WK "&_xlfn.ISOWEEKNUM($R$2))) -> WK 19 | J20: =IF($A20="","",IF(COUNTA($AF$2:$AK$2)=6,"WK "&_xlfn.ISOWEEKNUM($AF$2))) -> WK 21 | K20: =IF($A20="","",IF(COUNTA($K$2:$AO$2)-4,IF(OR(K$4="Mon",K$4="Tue"),$E$1,$D$1))) -> ON | L20: =IF($A20="","",IF(COUNTA($K$2:$AO$2)-4,IF(OR(L$4="Mon",L$4="Tue"),$E$1,$D$1))) -> ON | M20: =IF($A20="","",IF(COUNTA($K$2:$AO$2)-4,IF(OR(M$4<>"Mon",M$4<>"Tue"),IF(AND($G20="A",$H20="A",$I20="WK "&_xlfn.ISOWEEKNUM($K$2)),$D$1,$E$1)))) -> ON | N20: =IF($A20="","",IF(COUNTA($K$2:$AO$2)-4,IF(OR(N$4<>"Mon",N$4<>"Tue"),IF(AND($G20="B",$H20="B",$I20="WK "&_xlfn.ISOWEEKNUM($K$2)),$D$1,$E$1)))) -> ON | O20: =IF($A20="","",IF(COUNTA($K$2:$AO$2)-4,IF(OR(O$4<>"Mon",O$4<>"Tue"),IF(AND($G20="C",$H20="C",$I20="WK "&_xlfn.ISOWEEKNUM($K$2)),$D$1,$E$1)))) -> ON | P20: =IF($A20="","",IF(COUNTA($K$2:$AO$2)-4,IF(OR(P$4<>"Mon",P$4<>"Tue"),IF(AND($G20="D",$H20="D",$I20="WK "&_xlfn.ISOWEEKNUM($K$2)),$D$1,$E$1)))) -> ON | R20: =IF($A20="","",IF(COUNTA($K$2:$AO$2)-4,IF(OR(R$4="Mon",R$4="Tue"),$E$1,$D$1))) -> ON | S20: =IF($A20="","",IF(COUNTA($K$2:$AO$2)-4,IF(OR(S$4="Mon",S$4="Tue"),$E$1,$D$1))) -> ON | T20: =IF($A20="","",IF(COUNTA($K$2:$AO$2)-4,IF(OR(T$4<>"Mon",T$4<>"Tue"),IF(AND($G20="A",$H20="A",$I20="WK "&_xlfn.ISOWEEKNUM($R$2)),$D$1,$E$1)))) -> OFF | U20: =IF($A20="","",IF(COUNTA($K$2:$AO$2)-4,IF(OR(U$4<>"Mon",U$4<>"Tue"),IF(AND($G20="B",$H20="B",$I20="WK "&_xlfn.ISOWEEKNUM($R$2)),$D$1,$E$1)))) -> ON | V20: =IF($A20="","",IF(COUNTA($K$2:$AO$2)-4,IF(OR(V$4<>"Mon",V$4<>"Tue"),IF(AND($G20="C",$H20="C",$I20="WK "&_xlfn.ISOWEEKNUM($R$2)),$D$1,$E$1)))) -> ON | W20: =IF($A20="","",IF(COUNTA($K$2:$AO$2)-4,IF(OR(W$4<>"Mon",W$4<>"Tue"),IF(AND($G20="D",$H20="D",$I20="WK "&_xlfn.ISOWEEKNUM($R$2)),$D$1,$E$1)))) -> ON | Y20: =IF($A20="","",IF(COUNTA($K$2:$AO$2)-4,IF(OR(Y$4="Mon",Y$4="Tue"),$E$1,$D$1))) -> ON | Z20: =IF($A20="","",IF(COUNTA($K$2:$AO$2)-4,IF(OR(Z$4="Mon",Z$4="Tue"),$E$1,$D$1))) -> ON | AA20: =IF($A20="","",IF(COUNTA($K$2:$AO$2)-4,IF(OR(AA$4<>"Mon",AA$4<>"Tue"),IF(AND($G20="A",$H20="A",$J20="WK "&_xlfn.ISOWEEKNUM($Y$2)),$D$1,$E$1)))) -> ON | AB20: =IF($A20="","",IF(COUNTA($K$2:$AO$2)-4,IF(OR(AB$4<>"Mon",AB$4<>"Tue"),IF(AND($G20="B",$H20="B",$J20="WK "&_xlfn.ISOWEEKNUM($Y$2)),$D$1,$E$1)))) -> ON | AC20: =IF($A20="","",IF(COUNTA($K$2:$AO$2)-4,IF(OR(AC$4<>"Mon",AC$4<>"Tue"),IF(AND($G20="C",$H20="C",$J20="WK "&_xlfn.ISOWEEKNUM($Y$2)),$D$1,$E$1)))) -> ON | AD20: =IF($A20="","",IF(COUNTA($K$2:$AO$2)-4,IF(OR(AD$4<>"Mon",AD$4<>"Tue"),IF(AND($G20="D",$H20="D",$J20="WK "&_xlfn.ISOWEEKNUM($Y$2)),$D$1,$E$1)))) -> ON | AF20: =IF($A20="","",IF(COUNTA($K$2:$AO$2)-4,IF(OR(AF$4="Mon",AF$4="Tue"),$E$1,$D$1))) -> ON | AG20: =IF($A20="","",IF(COUNTA($K$2:$AO$2)-4,IF(OR(AG$4="Mon",AG$4="Tue"),$E$1,$D$1))) -> ON | AH20: =IF($A20="","",IF(COUNTA($K$2:$AO$2)-4,IF(OR(AH$4<>"Mon",AH$4<>"Tue"),IF(AND($G20="A",$H20="A",$J20="WK "&_xlfn.ISOWEEKNUM($AF$2)),$D$1,$E$1)))) -> OFF | AI20: =IF($A20="","",IF(COUNTA($K$2:$AO$2)-4,IF(OR(AI$4<>"Mon",AI$4<>"Tue"),IF(AND($G20="B",$H20="B",$J20="WK "&_xlfn.ISOWEEKNUM($AF$2)),$D$1,$E$1)))) -> ON | AJ20: =IF($A20="","",IF(COUNTA($K$2:$AO$2)-4,IF(OR(AJ$4<>"Mon",AJ$4<>"Tue"),IF(AND($G20="C",$H20="C",$J20="WK "&_xlfn.ISOWEEKNUM($AF$2)),$D$1,$E$1)))) -> ON | AK20: =IF($A20="","",IF(COUNTA($K$2:$AO$2)-4,IF(OR(AK$4<>"Mon",AK$4<>"Tue"),IF(AND($G20="D",$H20="D",$J20="WK "&_xlfn.ISOWEEKNUM($AF$2)),$D$1,$E$1)))) -> ON | AM20: =IF(COUNTA($K$2:$AO$2)-4,IF(OR(AM$4="Mon",AM$4="Tue"),$E$1,$D$1)) -> ON | AN20: =IF(COUNTA($K$2:$AO$2)-4,IF(OR(AN$4="Mon",AN$4="Tue"),$E$1,$D$1)) -> ON | AO20: =IF(COUNTA($K$2:$AO$2)-4,IF(OR(AO$4="Mon",AO$4="Tue",AO$4="Wed"),$E$1,$D$1)) -> ON
A21: =CHOOSE(RANDBETWEEN(1,5),"Lagos","Ogun","Ondo","Oyo","Ekiti") -> Oyo | B21: =CHOOSE(RANDBETWEEN(1,5),"A","B","C","D","E") -> C | C21: =CHOOSE(RANDBETWEEN(1,5),"A1","B1","C1","D1","E1") -> D1 | D21: Mini Bus | E21: =COUNTIF(K21:AO21, "ON") -> 25 | F21: =COUNTIF(K21:AO21, "OFF") -> 2 | G21: {=Groups!$B$2:$B$5} -> A | H21: {=Groups!$B$2:$B$5} -> A | I21: =IF($A21="","",IF(COUNTA($K$2:$P$2)=6,"WK "&_xlfn.ISOWEEKNUM($K$2))) -> WK 18 | J21: =IF($A21="","",IF(COUNTA($Y$2:$AD$2)=6,"WK "&_xlfn.ISOWEEKNUM($Y$2))) -> WK 20 | K21: =IF($A21="","",IF(COUNTA($K$2:$AO$2)-4,IF(OR(K$4="Mon",K$4="Tue"),$E$1,$D$1))) -> ON | L21: =IF($A21="","",IF(COUNTA($K$2:$AO$2)-4,IF(OR(L$4="Mon",L$4="Tue"),$E$1,$D$1))) -> ON | M21: =IF($A21="","",IF(COUNTA($K$2:$AO$2)-4,IF(OR(M$4<>"Mon",M$4<>"Tue"),IF(AND($G21="A",$H21="A",$I21="WK "&_xlfn.ISOWEEKNUM($K$2)),$D$1,$E$1)))) -> OFF | N21: =IF($A21="","",IF(COUNTA($K$2:$AO$2)-4,IF(OR(N$4<>"Mon",N$4<>"Tue"),IF(AND($G21="B",$H21="B",$I21="WK "&_xlfn.ISOWEEKNUM($K$2)),$D$1,$E$1)))) -> ON | O21: =IF($A21="","",IF(COUNTA($K$2:$AO$2)-4,IF(OR(O$4<>"Mon",O$4<>"Tue"),IF(AND($G21="C",$H21="C",$I21="WK "&_xlfn.ISOWEEKNUM($K$2)),$D$1,$E$1)))) -> ON | P21: =IF($A21="","",IF(COUNTA($K$2:$AO$2)-4,IF(OR(P$4<>"Mon",P$4<>"Tue"),IF(AND($G21="D",$H21="D",$I21="WK "&_xlfn.ISOWEEKNUM($K$2)),$D$1,$E$1)))) -> ON | R21: =IF($A21="","",IF(COUNTA($K$2:$AO$2)-4,IF(OR(R$4="Mon",R$4="Tue"),$E$1,$D$1))) -> ON | S21: =IF($A21="","",IF(COUNTA($K$2:$AO$2)-4,IF(OR(S$4="Mon",S$4="Tue"),$E$1,$D$1))) -> ON | T21: =IF($A21="","",IF(COUNTA($K$2:$AO$2)-4,IF(OR(T$4<>"Mon",T$4<>"Tue"),IF(AND($G21="A",$H21="A",$I21="WK "&_xlfn.ISOWEEKNUM($R$2)),$D$1,$E$1)))) -> ON | U21: =IF($A21="","",IF(COUNTA($K$2:$AO$2)-4,IF(OR(U$4<>"Mon",U$4<>"Tue"),IF(AND($G21="B",$H21="B",$I21="WK "&_xlfn.ISOWEEKNUM($R$2)),$D$1,$E$1)))) -> ON | V21: =IF($A21="","",IF(COUNTA($K$2:$AO$2)-4,IF(OR(V$4<>"Mon",V$4<>"Tue"),IF(AND($G21="C",$H21="C",$I21="WK "&_xlfn.ISOWEEKNUM($R$2)),$D$1,$E$1)))) -> ON | W21: =IF($A21="","",IF(COUNTA($K$2:$AO$2)-4,IF(OR(W$4<>"Mon",W$4<>"Tue"),IF(AND($G21="D",$H21="D",$I21="WK "&_xlfn.ISOWEEKNUM($R$2)),$D$1,$E$1)))) -> ON | Y21: =IF($A21="","",IF(COUNTA($K$2:$AO$2)-4,IF(OR(Y$4="Mon",Y$4="Tue"),$E$1,$D$1))) -> ON | Z21: =IF($A21="","",IF(COUNTA($K$2:$AO$2)-4,IF(OR(Z$4="Mon",Z$4="Tue"),$E$1,$D$1))) -> ON | AA21: =IF($A21="","",IF(COUNTA($K$2:$AO$2)-4,IF(OR(AA$4<>"Mon",AA$4<>"Tue"),IF(AND($G21="A",$H21="A",$J21="WK "&_xlfn.ISOWEEKNUM($Y$2)),$D$1,$E$1)))) -> OFF | AB21: =IF($A21="","",IF(COUNTA($K$2:$AO$2)-4,IF(OR(AB$4<>"Mon",AB$4<>"Tue"),IF(AND($G21="B",$H21="B",$J21="WK "&_xlfn.ISOWEEKNUM($Y$2)),$D$1,$E$1)))) -> ON | AC21: =IF($A21="","",IF(COUNTA($K$2:$AO$2)-4,IF(OR(AC$4<>"Mon",AC$4<>"Tue"),IF(AND($G21="C",$H21="C",$J21="WK "&_xlfn.ISOWEEKNUM($Y$2)),$D$1,$E$1)))) -> ON | AD21: =IF($A21="","",IF(COUNTA($K$2:$AO$2)-4,IF(OR(AD$4<>"Mon",AD$4<>"Tue"),IF(AND($G21="D",$H21="D",$J21="WK "&_xlfn.ISOWEEKNUM($Y$2)),$D$1,$E$1)))) -> ON | AF21: =IF($A21="","",IF(COUNTA($K$2:$AO$2)-4,IF(OR(AF$4="Mon",AF$4="Tue"),$E$1,$D$1))) -> ON | AG21: =IF($A21="","",IF(COUNTA($K$2:$AO$2)-4,IF(OR(AG$4="Mon",AG$4="Tue"),$E$1,$D$1))) -> ON | AH21: =IF($A21="","",IF(COUNTA($K$2:$AO$2)-4,IF(OR(AH$4<>"Mon",AH$4<>"Tue"),IF(AND($G21="A",$H21="A",$J21="WK "&_xlfn.ISOWEEKNUM($AF$2)),$D$1,$E$1)))) -> ON | AI21: =IF($A21="","",IF(COUNTA($K$2:$AO$2)-4,IF(OR(AI$4<>"Mon",AI$4<>"Tue"),IF(AND($G21="B",$H21="B",$J21="WK "&_xlfn.ISOWEEKNUM($AF$2)),$D$1,$E$1)))) -> ON | AJ21: =IF($A21="","",IF(COUNTA($K$2:$AO$2)-4,IF(OR(AJ$4<>"Mon",AJ$4<>"Tue"),IF(AND($G21="C",$H21="C",$J21="WK "&_xlfn.ISOWEEKNUM($AF$2)),$D$1,$E$1)))) -> ON | AK21: =IF($A21="","",IF(COUNTA($K$2:$AO$2)-4,IF(OR(AK$4<>"Mon",AK$4<>"Tue"),IF(AND($G21="D",$H21="D",$J21="WK "&_xlfn.ISOWEEKNUM($AF$2)),$D$1,$E$1)))) -> ON | AM21: =IF(COUNTA($K$2:$AO$2)-4,IF(OR(AM$4="Mon",AM$4="Tue"),$E$1,$D$1)) -> ON | AN21: =IF(COUNTA($K$2:$AO$2)-4,IF(OR(AN$4="Mon",AN$4="Tue"),$E$1,$D$1)) -> ON | AO21: =IF(COUNTA($K$2:$AO$2)-4,IF(OR(AO$4="Mon",AO$4="Tue",AO$4="Wed"),$E$1,$D$1)) -> ON
A22: =CHOOSE(RANDBETWEEN(1,5),"Lagos","Ogun","Ondo","Oyo","Ekiti") -> Ogun | B22: =CHOOSE(RANDBETWEEN(1,5),"A","B","C","D","E") -> E | C22: =CHOOSE(RANDBETWEEN(1,5),"A1","B1","C1","D1","E1") -> D1 | D22: Mini Bus | E22: =COUNTIF(K22:AO22, "ON") -> 25 | F22: =COUNTIF(K22:AO22, "OFF") -> 2 | G22: B | H22: B | I22: =IF($A22="","",IF(COUNTA($R$2:$W$2)=6,"WK "&_xlfn.ISOWEEKNUM($R$2))) -> WK 19 | J22: =IF($A22="","",IF(COUNTA($AF$2:$AK$2)=6,"WK "&_xlfn.ISOWEEKNUM($AF$2))) -> WK 21 | K22: =IF($A22="","",IF(COUNTA($K$2:$AO$2)-4,IF(OR(K$4="Mon",K$4="Tue"),$E$1,$D$1))) -> ON | L22: =IF($A22="","",IF(COUNTA($K$2:$AO$2)-4,IF(OR(L$4="Mon",L$4="Tue"),$E$1,$D$1))) -> ON | M22: =IF($A22="","",IF(COUNTA($K$2:$AO$2)-4,IF(OR(M$4<>"Mon",M$4<>"Tue"),IF(AND($G22="A",$H22="A",$I22="WK "&_xlfn.ISOWEEKNUM($K$2)),$D$1,$E$1)))) -> ON | N22: =IF($A22="","",IF(COUNTA($K$2:$AO$2)-4,IF(OR(N$4<>"Mon",N$4<>"Tue"),IF(AND($G22="B",$H22="B",$I22="WK "&_xlfn.ISOWEEKNUM($K$2)),$D$1,$E$1)))) -> ON | O22: =IF($A22="","",IF(COUNTA($K$2:$AO$2)-4,IF(OR(O$4<>"Mon",O$4<>"Tue"),IF(AND($G22="C",$H22="C",$I22="WK "&_xlfn.ISOWEEKNUM($K$2)),$D$1,$E$1)))) -> ON | P22: =IF($A22="","",IF(COUNTA($K$2:$AO$2)-4,IF(OR(P$4<>"Mon",P$4<>"Tue"),IF(AND($G22="D",$H22="D",$I22="WK "&_xlfn.ISOWEEKNUM($K$2)),$D$1,$E$1)))) -> ON | R22: =IF($A22="","",IF(COUNTA($K$2:$AO$2)-4,IF(OR(R$4="Mon",R$4="Tue"),$E$1,$D$1))) -> ON | S22: =IF($A22="","",IF(COUNTA($K$2:$AO$2)-4,IF(OR(S$4="Mon",S$4="Tue"),$E$1,$D$1))) -> ON | T22: =IF($A22="","",IF(COUNTA($K$2:$AO$2)-4,IF(OR(T$4<>"Mon",T$4<>"Tue"),IF(AND($G22="A",$H22="A",$I22="WK "&_xlfn.ISOWEEKNUM($R$2)),$D$1,$E$1)))) -> ON | U22: =IF($A22="","",IF(COUNTA($K$2:$AO$2)-4,IF(OR(U$4<>"Mon",U$4<>"Tue"),IF(AND($G22="B",$H22="B",$I22="WK "&_xlfn.ISOWEEKNUM($R$2)),$D$1,$E$1)))) -> OFF | V22: =IF($A22="","",IF(COUNTA($K$2:$AO$2)-4,IF(OR(V$4<>"Mon",V$4<>"Tue"),IF(AND($G22="C",$H22="C",$I22="WK "&_xlfn.ISOWEEKNUM($R$2)),$D$1,$E$1)))) -> ON | W22: =IF($A22="","",IF(COUNTA($K$2:$AO$2)-4,IF(OR(W$4<>"Mon",W$4<>"Tue"),IF(AND($G22="D",$H22="D",$I22="WK "&_xlfn.ISOWEEKNUM($R$2)),$D$1,$E$1)))) -> ON | Y22: =IF($A22="","",IF(COUNTA($K$2:$AO$2)-4,IF(OR(Y$4="Mon",Y$4="Tue"),$E$1,$D$1))) -> ON | Z22: =IF($A22="","",IF(COUNTA($K$2:$AO$2)-4,IF(OR(Z$4="Mon",Z$4="Tue"),$E$1,$D$1))) -> ON | AA22: =IF($A22="","",IF(COUNTA($K$2:$AO$2)-4,IF(OR(AA$4<>"Mon",AA$4<>"Tue"),IF(AND($G22="A",$H22="A",$J22="WK "&_xlfn.ISOWEEKNUM($Y$2)),$D$1,$E$1)))) -> ON | AB22: =IF($A22="","",IF(COUNTA($K$2:$AO$2)-4,IF(OR(AB$4<>"Mon",AB$4<>"Tue"),IF(AND($G22="B",$H22="B",$J22="WK "&_xlfn.ISOWEEKNUM($Y$2)),$D$1,$E$1)))) -> ON | AC22: =IF($A22="","",IF(COUNTA($K$2:$AO$2)-4,IF(OR(AC$4<>"Mon",AC$4<>"Tue"),IF(AND($G22="C",$H22="C",$J22="WK "&_xlfn.ISOWEEKNUM($Y$2)),$D$1,$E$1)))) -> ON | AD22: =IF($A22="","",IF(COUNTA($K$2:$AO$2)-4,IF(OR(AD$4<>"Mon",AD$4<>"Tue"),IF(AND($G22="D",$H22="D",$J22="WK "&_xlfn.ISOWEEKNUM($Y$2)),$D$1,$E$1)))) -> ON | AF22: =IF($A22="","",IF(COUNTA($K$2:$AO$2)-4,IF(OR(AF$4="Mon",AF$4="Tue"),$E$1,$D$1))) -> ON | AG22: =IF($A22="","",IF(COUNTA($K$2:$AO$2)-4,IF(OR(AG$4="Mon",AG$4="Tue"),$E$1,$D$1))) -> ON | AH22: =IF($A22="","",IF(COUNTA($K$2:$AO$2)-4,IF(OR(AH$4<>"Mon",AH$4<>"Tue"),IF(AND($G22="A",$H22="A",$J22="WK "&_xlfn.ISOWEEKNUM($AF$2)),$D$1,$E$1)))) -> ON | AI22: =IF($A22="","",IF(COUNTA($K$2:$AO$2)-4,IF(OR(AI$4<>"Mon",AI$4<>"Tue"),IF(AND($G22="B",$H22="B",$J22="WK "&_xlfn.ISOWEEKNUM($AF$2)),$D$1,$E$1)))) -> OFF | AJ22: =IF($A22="","",IF(COUNTA($K$2:$AO$2)-4,IF(OR(AJ$4<>"Mon",AJ$4<>"Tue"),IF(AND($G22="C",$H22="C",$J22="WK "&_xlfn.ISOWEEKNUM($AF$2)),$D$1,$E$1)))) -> ON | AK22: =IF($A22="","",IF(COUNTA($K$2:$AO$2)-4,IF(OR(AK$4<>"Mon",AK$4<>"Tue"),IF(AND($G22="D",$H22="D",$J22="WK "&_xlfn.ISOWEEKNUM($AF$2)),$D$1,$E$1)))) -> ON | AM22: =IF(COUNTA($K$2:$AO$2)-4,IF(OR(AM$4="Mon",AM$4="Tue"),$E$1,$D$1)) -> ON | AN22: =IF(COUNTA($K$2:$AO$2)-4,IF(OR(AN$4="Mon",AN$4="Tue"),$E$1,$D$1)) -> ON | AO22: =IF(COUNTA($K$2:$AO$2)-4,IF(OR(AO$4="Mon",AO$4="Tue",AO$4="Wed"),$E$1,$D$1)) -> ON
A23: =CHOOSE(RANDBETWEEN(1,5),"Lagos","Ogun","Ondo","Oyo","Ekiti") -> Ekiti | B23: =CHOOSE(RANDBETWEEN(1,5),"A","B","C","D","E") -> B | C23: =CHOOSE(RANDBETWEEN(1,5),"A1","B1","C1","D1","E1") -> A1 | D23: Mini Bus | E23: =COUNTIF(K23:AO23, "ON") -> 25 | F23: =COUNTIF(K23:AO23, "OFF") -> 2 | G23: C | H23: C | I23: =IF($A23="","",IF(COUNTA($K$2:$P$2)=6,"WK "&_xlfn.ISOWEEKNUM($K$2))) -> WK 18 | J23: =IF($A23="","",IF(COUNTA($Y$2:$AD$2)=6,"WK "&_xlfn.ISOWEEKNUM($Y$2))) -> WK 20 | K23: =IF($A23="","",IF(COUNTA($K$2:$AO$2)-4,IF(OR(K$4="Mon",K$4="Tue"),$E$1,$D$1))) -> ON | L23: =IF($A23="","",IF(COUNTA($K$2:$AO$2)-4,IF(OR(L$4="Mon",L$4="Tue"),$E$1,$D$1))) -> ON | M23: =IF($A23="","",IF(COUNTA($K$2:$AO$2)-4,IF(OR(M$4<>"Mon",M$4<>"Tue"),IF(AND($G23="A",$H23="A",$I23="WK "&_xlfn.ISOWEEKNUM($K$2)),$D$1,$E$1)))) -> ON | N23: =IF($A23="","",IF(COUNTA($K$2:$AO$2)-4,IF(OR(N$4<>"Mon",N$4<>"Tue"),IF(AND($G23="B",$H23="B",$I23="WK "&_xlfn.ISOWEEKNUM($K$2)),$D$1,$E$1)))) -> ON | O23: =IF($A23="","",IF(COUNTA($K$2:$AO$2)-4,IF(OR(O$4<>"Mon",O$4<>"Tue"),IF(AND($G23="C",$H23="C",$I23="WK "&_xlfn.ISOWEEKNUM($K$2)),$D$1,$E$1)))) -> OFF | P23: =IF($A23="","",IF(COUNTA($K$2:$AO$2)-4,IF(OR(P$4<>"Mon",P$4<>"Tue"),IF(AND($G23="D",$H23="D",$I23="WK "&_xlfn.ISOWEEKNUM($K$2)),$D$1,$E$1)))) -> ON | R23: =IF($A23="","",IF(COUNTA($K$2:$AO$2)-4,IF(OR(R$4="Mon",R$4="Tue"),$E$1,$D$1))) -> ON | S23: =IF($A23="","",IF(COUNTA($K$2:$AO$2)-4,IF(OR(S$4="Mon",S$4="Tue"),$E$1,$D$1))) -> ON | T23: =IF($A23="","",IF(COUNTA($K$2:$AO$2)-4,IF(OR(T$4<>"Mon",T$4<>"Tue"),IF(AND($G23="A",$H23="A",$I23="WK "&_xlfn.ISOWEEKNUM($R$2)),$D$1,$E$1)))) -> ON | U23: =IF($A23="","",IF(COUNTA($K$2:$AO$2)-4,IF(OR(U$4<>"Mon",U$4<>"Tue"),IF(AND($G23="B",$H23="B",$I23="WK "&_xlfn.ISOWEEKNUM($R$2)),$D$1,$E$1)))) -> ON | V23: =IF($A23="","",IF(COUNTA($K$2:$AO$2)-4,IF(OR(V$4<>"Mon",V$4<>"Tue"),IF(AND($G23="C",$H23="C",$I23="WK "&_xlfn.ISOWEEKNUM($R$2)),$D$1,$E$1)))) -> ON | W23: =IF($A23="","",IF(COUNTA($K$2:$AO$2)-4,IF(OR(W$4<>"Mon",W$4<>"Tue"),IF(AND($G23="D",$H23="D",$I23="WK "&_xlfn.ISOWEEKNUM($R$2)),$D$1,$E$1)))) -> ON | Y23: =IF($A23="","",IF(COUNTA($K$2:$AO$2)-4,IF(OR(Y$4="Mon",Y$4="Tue"),$E$1,$D$1))) -> ON | Z23: =IF($A23="","",IF(COUNTA($K$2:$AO$2)-4,IF(OR(Z$4="Mon",Z$4="Tue"),$E$1,$D$1))) -> ON | AA23: =IF($A23="","",IF(COUNTA($K$2:$AO$2)-4,IF(OR(AA$4<>"Mon",AA$4<>"Tue"),IF(AND($G23="A",$H23="A",$J23="WK "&_xlfn.ISOWEEKNUM($Y$2)),$D$1,$E$1)))) -> ON | AB23: =IF($A23="","",IF(COUNTA($K$2:$AO$2)-4,IF(OR(AB$4<>"Mon",AB$4<>"Tue"),IF(AND($G23="B",$H23="B",$J23="WK "&_xlfn.ISOWEEKNUM($Y$2)),$D$1,$E$1)))) -> ON | AC23: =IF($A23="","",IF(COUNTA($K$2:$AO$2)-4,IF(OR(AC$4<>"Mon",AC$4<>"Tue"),IF(AND($G23="C",$H23="C",$J23="WK "&_xlfn.ISOWEEKNUM($Y$2)),$D$1,$E$1)))) -> OFF | AD23: =IF($A23="","",IF(COUNTA($K$2:$AO$2)-4,IF(OR(AD$4<>"Mon",AD$4<>"Tue"),IF(AND($G23="D",$H23="D",$J23="WK "&_xlfn.ISOWEEKNUM($Y$2)),$D$1,$E$1)))) -> ON | AF23: =IF($A23="","",IF(COUNTA($K$2:$AO$2)-4,IF(OR(AF$4="Mon",AF$4="Tue"),$E$1,$D$1))) -> ON | AG23: =IF($A23="","",IF(COUNTA($K$2:$AO$2)-4,IF(OR(AG$4="Mon",AG$4="Tue"),$E$1,$D$1))) -> ON | AH23: =IF($A23="","",IF(COUNTA($K$2:$AO$2)-4,IF(OR(AH$4<>"Mon",AH$4<>"Tue"),IF(AND($G23="A",$H23="A",$J23="WK "&_xlfn.ISOWEEKNUM($AF$2)),$D$1,$E$1)))) -> ON | AI23: =IF($A23="","",IF(COUNTA($K$2:$AO$2)-4,IF(OR(AI$4<>"Mon",AI$4<>"Tue"),IF(AND($G23="B",$H23="B",$J23="WK "&_xlfn.ISOWEEKNUM($AF$2)),$D$1,$E$1)))) -> ON | AJ23: =IF($A23="","",IF(COUNTA($K$2:$AO$2)-4,IF(OR(AJ$4<>"Mon",AJ$4<>"Tue"),IF(AND($G23="C",$H23="C",$J23="WK "&_xlfn.ISOWEEKNUM($AF$2)),$D$1,$E$1)))) -> ON | AK23: =IF($A23="","",IF(COUNTA($K$2:$AO$2)-4,IF(OR(AK$4<>"Mon",AK$4<>"Tue"),IF(AND($G23="D",$H23="D",$J23="WK "&_xlfn.ISOWEEKNUM($AF$2)),$D$1,$E$1)))) -> ON | AM23: =IF(COUNTA($K$2:$AO$2)-4,IF(OR(AM$4="Mon",AM$4="Tue"),$E$1,$D$1)) -> ON | AN23: =IF(COUNTA($K$2:$AO$2)-4,IF(OR(AN$4="Mon",AN$4="Tue"),$E$1,$D$1)) -> ON | AO23: =IF(COUNTA($K$2:$AO$2)-4,IF(OR(AO$4="Mon",AO$4="Tue",AO$4="Wed"),$E$1,$D$1)) -> ON
A24: =CHOOSE(RANDBETWEEN(1,5),"Lagos","Ogun","Ondo","Oyo","Ekiti") -> Ogun | B24: =CHOOSE(RANDBETWEEN(1,5),"A","B","C","D","E") -> E | C24: =CHOOSE(RANDBETWEEN(1,5),"A1","B1","C1","D1","E1") -> A1 | D24: Mini Bus | E24: =COUNTIF(K24:AO24, "ON") -> 25 | F24: =COUNTIF(K24:AO24, "OFF") -> 2 | G24: D | H24: D | I24: =IF($A24="","",IF(COUNTA($R$2:$W$2)=6,"WK "&_xlfn.ISOWEEKNUM($R$2))) -> WK 19 | J24: =IF($A24="","",IF(COUNTA($AF$2:$AK$2)=6,"WK "&_xlfn.ISOWEEKNUM($AF$2))) -> WK 21 | K24: =IF($A24="","",IF(COUNTA($K$2:$AO$2)-4,IF(OR(K$4="Mon",K$4="Tue"),$E$1,$D$1))) -> ON | L24: =IF($A24="","",IF(COUNTA($K$2:$AO$2)-4,IF(OR(L$4="Mon",L$4="Tue"),$E$1,$D$1))) -> ON | M24: =IF($A24="","",IF(COUNTA($K$2:$AO$2)-4,IF(OR(M$4<>"Mon",M$4<>"Tue"),IF(AND($G24="A",$H24="A",$I24="WK "&_xlfn.ISOWEEKNUM($K$2)),$D$1,$E$1)))) -> ON | N24: =IF($A24="","",IF(COUNTA($K$2:$AO$2)-4,IF(OR(N$4<>"Mon",N$4<>"Tue"),IF(AND($G24="B",$H24="B",$I24="WK "&_xlfn.ISOWEEKNUM($K$2)),$D$1,$E$1)))) -> ON | O24: =IF($A24="","",IF(COUNTA($K$2:$AO$2)-4,IF(OR(O$4<>"Mon",O$4<>"Tue"),IF(AND($G24="C",$H24="C",$I24="WK "&_xlfn.ISOWEEKNUM($K$2)),$D$1,$E$1)))) -> ON | P24: =IF($A24="","",IF(COUNTA($K$2:$AO$2)-4,IF(OR(P$4<>"Mon",P$4<>"Tue"),IF(AND($G24="D",$H24="D",$I24="WK "&_xlfn.ISOWEEKNUM($K$2)),$D$1,$E$1)))) -> ON | R24: =IF($A24="","",IF(COUNTA($K$2:$AO$2)-4,IF(OR(R$4="Mon",R$4="Tue"),$E$1,$D$1))) -> ON | S24: =IF($A24="","",IF(COUNTA($K$2:$AO$2)-4,IF(OR(S$4="Mon",S$4="Tue"),$E$1,$D$1))) -> ON | T24: =IF($A24="","",IF(COUNTA($K$2:$AO$2)-4,IF(OR(T$4<>"Mon",T$4<>"Tue"),IF(AND($G24="A",$H24="A",$I24="WK "&_xlfn.ISOWEEKNUM($R$2)),$D$1,$E$1)))) -> ON | U24: =IF($A24="","",IF(COUNTA($K$2:$AO$2)-4,IF(OR(U$4<>"Mon",U$4<>"Tue"),IF(AND($G24="B",$H24="B",$I24="WK "&_xlfn.ISOWEEKNUM($R$2)),$D$1,$E$1)))) -> ON | V24: =IF($A24="","",IF(COUNTA($K$2:$AO$2)-4,IF(OR(V$4<>"Mon",V$4<>"Tue"),IF(AND($G24="C",$H24="C",$I24="WK "&_xlfn.ISOWEEKNUM($R$2)),$D$1,$E$1)))) -> ON | W24: =IF($A24="","",IF(COUNTA($K$2:$AO$2)-4,IF(OR(W$4<>"Mon",W$4<>"Tue"),IF(AND($G24="D",$H24="D",$I24="WK "&_xlfn.ISOWEEKNUM($R$2)),$D$1,$E$1)))) -> OFF | Y24: =IF($A24="","",IF(COUNTA($K$2:$AO$2)-4,IF(OR(Y$4="Mon",Y$4="Tue"),$E$1,$D$1))) -> ON | Z24: =IF($A24="","",IF(COUNTA($K$2:$AO$2)-4,IF(OR(Z$4="Mon",Z$4="Tue"),$E$1,$D$1))) -> ON | AA24: =IF($A24="","",IF(COUNTA($K$2:$AO$2)-4,IF(OR(AA$4<>"Mon",AA$4<>"Tue"),IF(AND($G24="A",$H24="A",$J24="WK "&_xlfn.ISOWEEKNUM($Y$2)),$D$1,$E$1)))) -> ON | AB24: =IF($A24="","",IF(COUNTA($K$2:$AO$2)-4,IF(OR(AB$4<>"Mon",AB$4<>"Tue"),IF(AND($G24="B",$H24="B",$J24="WK "&_xlfn.ISOWEEKNUM($Y$2)),$D$1,$E$1)))) -> ON | AC24: =IF($A24="","",IF(COUNTA($K$2:$AO$2)-4,IF(OR(AC$4<>"Mon",AC$4<>"Tue"),IF(AND($G24="C",$H24="C",$J24="WK "&_xlfn.ISOWEEKNUM($Y$2)),$D$1,$E$1)))) -> ON | AD24: =IF($A24="","",IF(COUNTA($K$2:$AO$2)-4,IF(OR(AD$4<>"Mon",AD$4<>"Tue"),IF(AND($G24="D",$H24="D",$J24="WK "&_xlfn.ISOWEEKNUM($Y$2)),$D$1,$E$1)))) -> ON | AF24: =IF($A24="","",IF(COUNTA($K$2:$AO$2)-4,IF(OR(AF$4="Mon",AF$4="Tue"),$E$1,$D$1))) -> ON | AG24: =IF($A24="","",IF(COUNTA($K$2:$AO$2)-4,IF(OR(AG$4="Mon",AG$4="Tue"),$E$1,$D$1))) -> ON | AH24: =IF($A24="","",IF(COUNTA($K$2:$AO$2)-4,IF(OR(AH$4<>"Mon",AH$4<>"Tue"),IF(AND($G24="A",$H24="A",$J24="WK "&_xlfn.ISOWEEKNUM($AF$2)),$D$1,$E$1)))) -> ON | AI24: =IF($A24="","",IF(COUNTA($K$2:$AO$2)-4,IF(OR(AI$4<>"Mon",AI$4<>"Tue"),IF(AND($G24="B",$H24="B",$J24="WK "&_xlfn.ISOWEEKNUM($AF$2)),$D$1,$E$1)))) -> ON | AJ24: =IF($A24="","",IF(COUNTA($K$2:$AO$2)-4,IF(OR(AJ$4<>"Mon",AJ$4<>"Tue"),IF(AND($G24="C",$H24="C",$J24="WK "&_xlfn.ISOWEEKNUM($AF$2)),$D$1,$E$1)))) -> ON | AK24: =IF($A24="","",IF(COUNTA($K$2:$AO$2)-4,IF(OR(AK$4<>"Mon",AK$4<>"Tue"),IF(AND($G24="D",$H24="D",$J24="WK "&_xlfn.ISOWEEKNUM($AF$2)),$D$1,$E$1)))) -> OFF | AM24: =IF(COUNTA($K$2:$AO$2)-4,IF(OR(AM$4="Mon",AM$4="Tue"),$E$1,$D$1)) -> ON | AN24: =IF(COUNTA($K$2:$AO$2)-4,IF(OR(AN$4="Mon",AN$4="Tue"),$E$1,$D$1)) -> ON | AO24: =IF(COUNTA($K$2:$AO$2)-4,IF(OR(AO$4="Mon",AO$4="Tue",AO$4="Wed"),$E$1,$D$1)) -> ON
A25: =CHOOSE(RANDBETWEEN(1,5),"Lagos","Ogun","Ondo","Oyo","Ekiti") -> Lagos | B25: =CHOOSE(RANDBETWEEN(1,5),"A","B","C","D","E") -> A | C25: =CHOOSE(RANDBETWEEN(1,5),"A1","B1","C1","D1","E1") -> A1 | D25: Tricycle | E25: =COUNTIF(K25:AO25, "ON") -> 25 | F25: =COUNTIF(K25:AO25, "OFF") -> 2 | G25: {=IF($G$5:$G$8={"A";"B";"C";"D"},{"D";"C";"B";"A"},{"A";"B";"C";"D"})} -> D | H25: {=IF($H$5:$H$8={"A";"B";"C";"D"},{"D";"C";"B";"A"},{"A";"B";"C";"D"})} -> D | I25: =IF($A25="","",IF(COUNTA($K$2:$P$2)=6,"WK "&_xlfn.ISOWEEKNUM($K$2))) -> WK 18 | J25: =IF($A25="","",IF(COUNTA($Y$2:$AD$2)=6,"WK "&_xlfn.ISOWEEKNUM($Y$2))) -> WK 20 | K25: =IF($A25="","",IF(COUNTA($K$2:$AO$2)-4,IF(OR(K$4="Mon",K$4="Tue"),$E$1,$D$1))) -> ON | L25: =IF($A25="","",IF(COUNTA($K$2:$AO$2)-4,IF(OR(L$4="Mon",L$4="Tue"),$E$1,$D$1))) -> ON | M25: =IF($A25="","",IF(COUNTA($K$2:$AO$2)-4,IF(OR(M$4<>"Mon",M$4<>"Tue"),IF(AND($G25="A",$H25="A",$I25="WK "&_xlfn.ISOWEEKNUM($K$2)),$D$1,$E$1)))) -> ON | N25: =IF($A25="","",IF(COUNTA($K$2:$AO$2)-4,IF(OR(N$4<>"Mon",N$4<>"Tue"),IF(AND($G25="B",$H25="B",$I25="WK "&_xlfn.ISOWEEKNUM($K$2)),$D$1,$E$1)))) -> ON | O25: =IF($A25="","",IF(COUNTA($K$2:$AO$2)-4,IF(OR(O$4<>"Mon",O$4<>"Tue"),IF(AND($G25="C",$H25="C",$I25="WK "&_xlfn.ISOWEEKNUM($K$2)),$D$1,$E$1)))) -> ON | P25: =IF($A25="","",IF(COUNTA($K$2:$AO$2)-4,IF(OR(P$4<>"Mon",P$4<>"Tue"),IF(AND($G25="D",$H25="D",$I25="WK "&_xlfn.ISOWEEKNUM($K$2)),$D$1,$E$1)))) -> OFF | R25: =IF($A25="","",IF(COUNTA($K$2:$AO$2)-4,IF(OR(R$4="Mon",R$4="Tue"),$E$1,$D$1))) -> ON | S25: =IF($A25="","",IF(COUNTA($K$2:$AO$2)-4,IF(OR(S$4="Mon",S$4="Tue"),$E$1,$D$1))) -> ON | T25: =IF($A25="","",IF(COUNTA($K$2:$AO$2)-4,IF(OR(T$4<>"Mon",T$4<>"Tue"),IF(AND($G25="A",$H25="A",$I25="WK "&_xlfn.ISOWEEKNUM($R$2)),$D$1,$E$1)))) -> ON | U25: =IF($A25="","",IF(COUNTA($K$2:$AO$2)-4,IF(OR(U$4<>"Mon",U$4<>"Tue"),IF(AND($G25="B",$H25="B",$I25="WK "&_xlfn.ISOWEEKNUM($R$2)),$D$1,$E$1)))) -> ON | V25: =IF($A25="","",IF(COUNTA($K$2:$AO$2)-4,IF(OR(V$4<>"Mon",V$4<>"Tue"),IF(AND($G25="C",$H25="C",$I25="WK "&_xlfn.ISOWEEKNUM($R$2)),$D$1,$E$1)))) -> ON | W25: =IF($A25="","",IF(COUNTA($K$2:$AO$2)-4,IF(OR(W$4<>"Mon",W$4<>"Tue"),IF(AND($G25="D",$H25="D",$I25="WK "&_xlfn.ISOWEEKNUM($R$2)),$D$1,$E$1)))) -> ON | Y25: =IF($A25="","",IF(COUNTA($K$2:$AO$2)-4,IF(OR(Y$4="Mon",Y$4="Tue"),$E$1,$D$1))) -> ON | Z25: =IF($A25="","",IF(COUNTA($K$2:$AO$2)-4,IF(OR(Z$4="Mon",Z$4="Tue"),$E$1,$D$1))) -> ON | AA25: =IF($A25="","",IF(COUNTA($K$2:$AO$2)-4,IF(OR(AA$4<>"Mon",AA$4<>"Tue"),IF(AND($G25="A",$H25="A",$J25="WK "&_xlfn.ISOWEEKNUM($Y$2)),$D$1,$E$1)))) -> ON | AB25: =IF($A25="","",IF(COUNTA($K$2:$AO$2)-4,IF(OR(AB$4<>"Mon",AB$4<>"Tue"),IF(AND($G25="B",$H25="B",$J25="WK "&_xlfn.ISOWEEKNUM($Y$2)),$D$1,$E$1)))) -> ON | AC25: =IF($A25="","",IF(COUNTA($K$2:$AO$2)-4,IF(OR(AC$4<>"Mon",AC$4<>"Tue"),IF(AND($G25="C",$H25="C",$J25="WK "&_xlfn.ISOWEEKNUM($Y$2)),$D$1,$E$1)))) -> ON | AD25: =IF($A25="","",IF(COUNTA($K$2:$AO$2)-4,IF(OR(AD$4<>"Mon",AD$4<>"Tue"),IF(AND($G25="D",$H25="D",$J25="WK "&_xlfn.ISOWEEKNUM($Y$2)),$D$1,$E$1)))) -> OFF | AF25: =IF($A25="","",IF(COUNTA($K$2:$AO$2)-4,IF(OR(AF$4="Mon",AF$4="Tue"),$E$1,$D$1))) -> ON | AG25: =IF($A25="","",IF(COUNTA($K$2:$AO$2)-4,IF(OR(AG$4="Mon",AG$4="Tue"),$E$1,$D$1))) -> ON | AH25: =IF($A25="","",IF(COUNTA($K$2:$AO$2)-4,IF(OR(AH$4<>"Mon",AH$4<>"Tue"),IF(AND($G25="A",$H25="A",$J25="WK "&_xlfn.ISOWEEKNUM($AF$2)),$D$1,$E$1)))) -> ON | AI25: =IF($A25="","",IF(COUNTA($K$2:$AO$2)-4,IF(OR(AI$4<>"Mon",AI$4<>"Tue"),IF(AND($G25="B",$H25="B",$J25="WK "&_xlfn.ISOWEEKNUM($AF$2)),$D$1,$E$1)))) -> ON | AJ25: =IF($A25="","",IF(COUNTA($K$2:$AO$2)-4,IF(OR(AJ$4<>"Mon",AJ$4<>"Tue"),IF(AND($G25="C",$H25="C",$J25="WK "&_xlfn.ISOWEEKNUM($AF$2)),$D$1,$E$1)))) -> ON | AK25: =IF($A25="","",IF(COUNTA($K$2:$AO$2)-4,IF(OR(AK$4<>"Mon",AK$4<>"Tue"),IF(AND($G25="D",$H25="D",$J25="WK "&_xlfn.ISOWEEKNUM($AF$2)),$D$1,$E$1)))) -> ON | AM25: =IF(COUNTA($K$2:$AO$2)-4,IF(OR(AM$4="Mon",AM$4="Tue"),$E$1,$D$1)) -> ON | AN25: =IF(COUNTA($K$2:$AO$2)-4,IF(OR(AN$4="Mon",AN$4="Tue"),$E$1,$D$1)) -> ON | AO25: =IF(COUNTA($K$2:$AO$2)-4,IF(OR(AO$4="Mon",AO$4="Tue",AO$4="Wed"),$E$1,$D$1)) -> ON
A26: =CHOOSE(RANDBETWEEN(1,5),"Lagos","Ogun","Ondo","Oyo","Ekiti") -> Lagos | B26: =CHOOSE(RANDBETWEEN(1,5),"A","B","C","D","E") -> C | C26: =CHOOSE(RANDBETWEEN(1,5),"A1","B1","C1","D1","E1") -> A1 | D26: Tricycle | E26: =COUNTIF(K26:AO26, "ON") -> 25 | F26: =COUNTIF(K26:AO26, "OFF") -> 2 | G26: C | H26: C | I26: =IF($A26="","",IF(COUNTA($R$2:$W$2)=6,"WK "&_xlfn.ISOWEEKNUM($R$2))) -> WK 19 | J26: =IF($A26="","",IF(COUNTA($AF$2:$AK$2)=6,"WK "&_xlfn.ISOWEEKNUM($AF$2))) -> WK 21 | K26: =IF($A26="","",IF(COUNTA($K$2:$AO$2)-4,IF(OR(K$4="Mon",K$4="Tue"),$E$1,$D$1))) -> ON | L26: =IF($A26="","",IF(COUNTA($K$2:$AO$2)-4,IF(OR(L$4="Mon",L$4="Tue"),$E$1,$D$1))) -> ON | M26: =IF($A26="","",IF(COUNTA($K$2:$AO$2)-4,IF(OR(M$4<>"Mon",M$4<>"Tue"),IF(AND($G26="A",$H26="A",$I26="WK "&_xlfn.ISOWEEKNUM($K$2)),$D$1,$E$1)))) -> ON | N26: =IF($A26="","",IF(COUNTA($K$2:$AO$2)-4,IF(OR(N$4<>"Mon",N$4<>"Tue"),IF(AND($G26="B",$H26="B",$I26="WK "&_xlfn.ISOWEEKNUM($K$2)),$D$1,$E$1)))) -> ON | O26: =IF($A26="","",IF(COUNTA($K$2:$AO$2)-4,IF(OR(O$4<>"Mon",O$4<>"Tue"),IF(AND($G26="C",$H26="C",$I26="WK "&_xlfn.ISOWEEKNUM($K$2)),$D$1,$E$1)))) -> ON | P26: =IF($A26="","",IF(COUNTA($K$2:$AO$2)-4,IF(OR(P$4<>"Mon",P$4<>"Tue"),IF(AND($G26="D",$H26="D",$I26="WK "&_xlfn.ISOWEEKNUM($K$2)),$D$1,$E$1)))) -> ON | R26: =IF($A26="","",IF(COUNTA($K$2:$AO$2)-4,IF(OR(R$4="Mon",R$4="Tue"),$E$1,$D$1))) -> ON | S26: =IF($A26="","",IF(COUNTA($K$2:$AO$2)-4,IF(OR(S$4="Mon",S$4="Tue"),$E$1,$D$1))) -> ON | T26: =IF($A26="","",IF(COUNTA($K$2:$AO$2)-4,IF(OR(T$4<>"Mon",T$4<>"Tue"),IF(AND($G26="A",$H26="A",$I26="WK "&_xlfn.ISOWEEKNUM($R$2)),$D$1,$E$1)))) -> ON | U26: =IF($A26="","",IF(COUNTA($K$2:$AO$2)-4,IF(OR(U$4<>"Mon",U$4<>"Tue"),IF(AND($G26="B",$H26="B",$I26="WK "&_xlfn.ISOWEEKNUM($R$2)),$D$1,$E$1)))) -> ON | V26: =IF($A26="","",IF(COUNTA($K$2:$AO$2)-4,IF(OR(V$4<>"Mon",V$4<>"Tue"),IF(AND($G26="C",$H26="C",$I26="WK "&_xlfn.ISOWEEKNUM($R$2)),$D$1,$E$1)))) -> OFF | W26: =IF($A26="","",IF(COUNTA($K$2:$AO$2)-4,IF(OR(W$4<>"Mon",W$4<>"Tue"),IF(AND($G26="D",$H26="D",$I26="WK "&_xlfn.ISOWEEKNUM($R$2)),$D$1,$E$1)))) -> ON | Y26: =IF($A26="","",IF(COUNTA($K$2:$AO$2)-4,IF(OR(Y$4="Mon",Y$4="Tue"),$E$1,$D$1))) -> ON | Z26: =IF($A26="","",IF(COUNTA($K$2:$AO$2)-4,IF(OR(Z$4="Mon",Z$4="Tue"),$E$1,$D$1))) -> ON | AA26: =IF($A26="","",IF(COUNTA($K$2:$AO$2)-4,IF(OR(AA$4<>"Mon",AA$4<>"Tue"),IF(AND($G26="A",$H26="A",$J26="WK "&_xlfn.ISOWEEKNUM($Y$2)),$D$1,$E$1)))) -> ON | AB26: =IF($A26="","",IF(COUNTA($K$2:$AO$2)-4,IF(OR(AB$4<>"Mon",AB$4<>"Tue"),IF(AND($G26="B",$H26="B",$J26="WK "&_xlfn.ISOWEEKNUM($Y$2)),$D$1,$E$1)))) -> ON | AC26: =IF($A26="","",IF(COUNTA($K$2:$AO$2)-4,IF(OR(AC$4<>"Mon",AC$4<>"Tue"),IF(AND($G26="C",$H26="C",$J26="WK "&_xlfn.ISOWEEKNUM($Y$2)),$D$1,$E$1)))) -> ON | AD26: =IF($A26="","",IF(COUNTA($K$2:$AO$2)-4,IF(OR(AD$4<>"Mon",AD$4<>"Tue"),IF(AND($G26="D",$H26="D",$J26="WK "&_xlfn.ISOWEEKNUM($Y$2)),$D$1,$E$1)))) -> ON | AF26: =IF($A26="","",IF(COUNTA($K$2:$AO$2)-4,IF(OR(AF$4="Mon",AF$4="Tue"),$E$1,$D$1))) -> ON | AG26: =IF($A26="","",IF(COUNTA($K$2:$AO$2)-4,IF(OR(AG$4="Mon",AG$4="Tue"),$E$1,$D$1))) -> ON | AH26: =IF($A26="","",IF(COUNTA($K$2:$AO$2)-4,IF(OR(AH$4<>"Mon",AH$4<>"Tue"),IF(AND($G26="A",$H26="A",$J26="WK "&_xlfn.ISOWEEKNUM($AF$2)),$D$1,$E$1)))) -> ON | AI26: =IF($A26="","",IF(COUNTA($K$2:$AO$2)-4,IF(OR(AI$4<>"Mon",AI$4<>"Tue"),IF(AND($G26="B",$H26="B",$J26="WK "&_xlfn.ISOWEEKNUM($AF$2)),$D$1,$E$1)))) -> ON | AJ26: =IF($A26="","",IF(COUNTA($K$2:$AO$2)-4,IF(OR(AJ$4<>"Mon",AJ$4<>"Tue"),IF(AND($G26="C",$H26="C",$J26="WK "&_xlfn.ISOWEEKNUM($AF$2)),$D$1,$E$1)))) -> OFF | AK26: =IF($A26="","",IF(COUNTA($K$2:$AO$2)-4,IF(OR(AK$4<>"Mon",AK$4<>"Tue"),IF(AND($G26="D",$H26="D",$J26="WK "&_xlfn.ISOWEEKNUM($AF$2)),$D$1,$E$1)))) -> ON | AM26: =IF(COUNTA($K$2:$AO$2)-4,IF(OR(AM$4="Mon",AM$4="Tue"),$E$1,$D$1)) -> ON | AN26: =IF(COUNTA($K$2:$AO$2)-4,IF(OR(AN$4="Mon",AN$4="Tue"),$E$1,$D$1)) -> ON | AO26: =IF(COUNTA($K$2:$AO$2)-4,IF(OR(AO$4="Mon",AO$4="Tue",AO$4="Wed"),$E$1,$D$1)) -> ON
A27: =CHOOSE(RANDBETWEEN(1,5),"Lagos","Ogun","Ondo","Oyo","Ekiti") -> Oyo | B27: =CHOOSE(RANDBETWEEN(1,5),"A","B","C","D","E") -> B | C27: =CHOOSE(RANDBETWEEN(1,5),"A1","B1","C1","D1","E1") -> A1 | D27: Tricycle | E27: =COUNTIF(K27:AO27, "ON") -> 25 | F27: =COUNTIF(K27:AO27, "OFF") -> 2 | G27: B | H27: B | I27: =IF($A27="","",IF(COUNTA($K$2:$P$2)=6,"WK "&_xlfn.ISOWEEKNUM($K$2))) -> WK 18 | J27: =IF($A27="","",IF(COUNTA($Y$2:$AD$2)=6,"WK "&_xlfn.ISOWEEKNUM($Y$2))) -> WK 20 | K27: =IF($A27="","",IF(COUNTA($K$2:$AO$2)-4,IF(OR(K$4="Mon",K$4="Tue"),$E$1,$D$1))) -> ON | L27: =IF($A27="","",IF(COUNTA($K$2:$AO$2)-4,IF(OR(L$4="Mon",L$4="Tue"),$E$1,$D$1))) -> ON | M27: =IF($A27="","",IF(COUNTA($K$2:$AO$2)-4,IF(OR(M$4<>"Mon",M$4<>"Tue"),IF(AND($G27="A",$H27="A",$I27="WK "&_xlfn.ISOWEEKNUM($K$2)),$D$1,$E$1)))) -> ON | N27: =IF($A27="","",IF(COUNTA($K$2:$AO$2)-4,IF(OR(N$4<>"Mon",N$4<>"Tue"),IF(AND($G27="B",$H27="B",$I27="WK "&_xlfn.ISOWEEKNUM($K$2)),$D$1,$E$1)))) -> OFF | O27: =IF($A27="","",IF(COUNTA($K$2:$AO$2)-4,IF(OR(O$4<>"Mon",O$4<>"Tue"),IF(AND($G27="C",$H27="C",$I27="WK "&_xlfn.ISOWEEKNUM($K$2)),$D$1,$E$1)))) -> ON | P27: =IF($A27="","",IF(COUNTA($K$2:$AO$2)-4,IF(OR(P$4<>"Mon",P$4<>"Tue"),IF(AND($G27="D",$H27="D",$I27="WK "&_xlfn.ISOWEEKNUM($K$2)),$D$1,$E$1)))) -> ON | R27: =IF($A27="","",IF(COUNTA($K$2:$AO$2)-4,IF(OR(R$4="Mon",R$4="Tue"),$E$1,$D$1))) -> ON | S27: =IF($A27="","",IF(COUNTA($K$2:$AO$2)-4,IF(OR(S$4="Mon",S$4="Tue"),$E$1,$D$1))) -> ON | T27: =IF($A27="","",IF(COUNTA($K$2:$AO$2)-4,IF(OR(T$4<>"Mon",T$4<>"Tue"),IF(AND($G27="A",$H27="A",$I27="WK "&_xlfn.ISOWEEKNUM($R$2)),$D$1,$E$1)))) -> ON | U27: =IF($A27="","",IF(COUNTA($K$2:$AO$2)-4,IF(OR(U$4<>"Mon",U$4<>"Tue"),IF(AND($G27="B",$H27="B",$I27="WK "&_xlfn.ISOWEEKNUM($R$2)),$D$1,$E$1)))) -> ON | V27: =IF($A27="","",IF(COUNTA($K$2:$AO$2)-4,IF(OR(V$4<>"Mon",V$4<>"Tue"),IF(AND($G27="C",$H27="C",$I27="WK "&_xlfn.ISOWEEKNUM($R$2)),$D$1,$E$1)))) -> ON | W27: =IF($A27="","",IF(COUNTA($K$2:$AO$2)-4,IF(OR(W$4<>"Mon",W$4<>"Tue"),IF(AND($G27="D",$H27="D",$I27="WK "&_xlfn.ISOWEEKNUM($R$2)),$D$1,$E$1)))) -> ON | Y27: =IF($A27="","",IF(COUNTA($K$2:$AO$2)-4,IF(OR(Y$4="Mon",Y$4="Tue"),$E$1,$D$1))) -> ON | Z27: =IF($A27="","",IF(COUNTA($K$2:$AO$2)-4,IF(OR(Z$4="Mon",Z$4="Tue"),$E$1,$D$1))) -> ON | AA27: =IF($A27="","",IF(COUNTA($K$2:$AO$2)-4,IF(OR(AA$4<>"Mon",AA$4<>"Tue"),IF(AND($G27="A",$H27="A",$J27="WK "&_xlfn.ISOWEEKNUM($Y$2)),$D$1,$E$1)))) -> ON | AB27: =IF($A27="","",IF(COUNTA($K$2:$AO$2)-4,IF(OR(AB$4<>"Mon",AB$4<>"Tue"),IF(AND($G27="B",$H27="B",$J27="WK "&_xlfn.ISOWEEKNUM($Y$2)),$D$1,$E$1)))) -> OFF | AC27: =IF($A27="","",IF(COUNTA($K$2:$AO$2)-4,IF(OR(AC$4<>"Mon",AC$4<>"Tue"),IF(AND($G27="C",$H27="C",$J27="WK "&_xlfn.ISOWEEKNUM($Y$2)),$D$1,$E$1)))) -> ON | AD27: =IF($A27="","",IF(COUNTA($K$2:$AO$2)-4,IF(OR(AD$4<>"Mon",AD$4<>"Tue"),IF(AND($G27="D",$H27="D",$J27="WK "&_xlfn.ISOWEEKNUM($Y$2)),$D$1,$E$1)))) -> ON | AF27: =IF($A27="","",IF(COUNTA($K$2:$AO$2)-4,IF(OR(AF$4="Mon",AF$4="Tue"),$E$1,$D$1))) -> ON | AG27: =IF($A27="","",IF(COUNTA($K$2:$AO$2)-4,IF(OR(AG$4="Mon",AG$4="Tue"),$E$1,$D$1))) -> ON | AH27: =IF($A27="","",IF(COUNTA($K$2:$AO$2)-4,IF(OR(AH$4<>"Mon",AH$4<>"Tue"),IF(AND($G27="A",$H27="A",$J27="WK "&_xlfn.ISOWEEKNUM($AF$2)),$D$1,$E$1)))) -> ON | AI27: =IF($A27="","",IF(COUNTA($K$2:$AO$2)-4,IF(OR(AI$4<>"Mon",AI$4<>"Tue"),IF(AND($G27="B",$H27="B",$J27="WK "&_xlfn.ISOWEEKNUM($AF$2)),$D$1,$E$1)))) -> ON | AJ27: =IF($A27="","",IF(COUNTA($K$2:$AO$2)-4,IF(OR(AJ$4<>"Mon",AJ$4<>"Tue"),IF(AND($G27="C",$H27="C",$J27="WK "&_xlfn.ISOWEEKNUM($AF$2)),$D$1,$E$1)))) -> ON | AK27: =IF($A27="","",IF(COUNTA($K$2:$AO$2)-4,IF(OR(AK$4<>"Mon",AK$4<>"Tue"),IF(AND($G27="D",$H27="D",$J27="WK "&_xlfn.ISOWEEKNUM($AF$2)),$D$1,$E$1)))) -> ON | AM27: =IF(COUNTA($K$2:$AO$2)-4,IF(OR(AM$4="Mon",AM$4="Tue"),$E$1,$D$1)) -> ON | AN27: =IF(COUNTA($K$2:$AO$2)-4,IF(OR(AN$4="Mon",AN$4="Tue"),$E$1,$D$1)) -> ON | AO27: =IF(COUNTA($K$2:$AO$2)-4,IF(OR(AO$4="Mon",AO$4="Tue",AO$4="Wed"),$E$1,$D$1)) -> ON
A28: =CHOOSE(RANDBETWEEN(1,5),"Lagos","Ogun","Ondo","Oyo","Ekiti") -> Ondo | B28: =CHOOSE(RANDBETWEEN(1,5),"A","B","C","D","E") -> D | C28: =CHOOSE(RANDBETWEEN(1,5),"A1","B1","C1","D1","E1") -> E1 | D28: Mini Bus | E28: =COUNTIF(K28:AO28, "ON") -> 25 | F28: =COUNTIF(K28:AO28, "OFF") -> 2 | G28: A | H28: A | I28: =IF($A28="","",IF(COUNTA($R$2:$W$2)=6,"WK "&_xlfn.ISOWEEKNUM($R$2))) -> WK 19 | J28: =IF($A28="","",IF(COUNTA($AF$2:$AK$2)=6,"WK "&_xlfn.ISOWEEKNUM($AF$2))) -> WK 21 | K28: =IF($A28="","",IF(COUNTA($K$2:$AO$2)-4,IF(OR(K$4="Mon",K$4="Tue"),$E$1,$D$1))) -> ON | L28: =IF($A28="","",IF(COUNTA($K$2:$AO$2)-4,IF(OR(L$4="Mon",L$4="Tue"),$E$1,$D$1))) -> ON | M28: =IF($A28="","",IF(COUNTA($K$2:$AO$2)-4,IF(OR(M$4<>"Mon",M$4<>"Tue"),IF(AND($G28="A",$H28="A",$I28="WK "&_xlfn.ISOWEEKNUM($K$2)),$D$1,$E$1)))) -> ON | N28: =IF($A28="","",IF(COUNTA($K$2:$AO$2)-4,IF(OR(N$4<>"Mon",N$4<>"Tue"),IF(AND($G28="B",$H28="B",$I28="WK "&_xlfn.ISOWEEKNUM($K$2)),$D$1,$E$1)))) -> ON | O28: =IF($A28="","",IF(COUNTA($K$2:$AO$2)-4,IF(OR(O$4<>"Mon",O$4<>"Tue"),IF(AND($G28="C",$H28="C",$I28="WK "&_xlfn.ISOWEEKNUM($K$2)),$D$1,$E$1)))) -> ON | P28: =IF($A28="","",IF(COUNTA($K$2:$AO$2)-4,IF(OR(P$4<>"Mon",P$4<>"Tue"),IF(AND($G28="D",$H28="D",$I28="WK "&_xlfn.ISOWEEKNUM($K$2)),$D$1,$E$1)))) -> ON | R28: =IF($A28="","",IF(COUNTA($K$2:$AO$2)-4,IF(OR(R$4="Mon",R$4="Tue"),$E$1,$D$1))) -> ON | S28: =IF($A28="","",IF(COUNTA($K$2:$AO$2)-4,IF(OR(S$4="Mon",S$4="Tue"),$E$1,$D$1))) -> ON | T28: =IF($A28="","",IF(COUNTA($K$2:$AO$2)-4,IF(OR(T$4<>"Mon",T$4<>"Tue"),IF(AND($G28="A",$H28="A",$I28="WK "&_xlfn.ISOWEEKNUM($R$2)),$D$1,$E$1)))) -> OFF | U28: =IF($A28="","",IF(COUNTA($K$2:$AO$2)-4,IF(OR(U$4<>"Mon",U$4<>"Tue"),IF(AND($G28="B",$H28="B",$I28="WK "&_xlfn.ISOWEEKNUM($R$2)),$D$1,$E$1)))) -> ON | V28: =IF($A28="","",IF(COUNTA($K$2:$AO$2)-4,IF(OR(V$4<>"Mon",V$4<>"Tue"),IF(AND($G28="C",$H28="C",$I28="WK "&_xlfn.ISOWEEKNUM($R$2)),$D$1,$E$1)))) -> ON | W28: =IF($A28="","",IF(COUNTA($K$2:$AO$2)-4,IF(OR(W$4<>"Mon",W$4<>"Tue"),IF(AND($G28="D",$H28="D",$I28="WK "&_xlfn.ISOWEEKNUM($R$2)),$D$1,$E$1)))) -> ON | Y28: =IF($A28="","",IF(COUNTA($K$2:$AO$2)-4,IF(OR(Y$4="Mon",Y$4="Tue"),$E$1,$D$1))) -> ON | Z28: =IF($A28="","",IF(COUNTA($K$2:$AO$2)-4,IF(OR(Z$4="Mon",Z$4="Tue"),$E$1,$D$1))) -> ON | AA28: =IF($A28="","",IF(COUNTA($K$2:$AO$2)-4,IF(OR(AA$4<>"Mon",AA$4<>"Tue"),IF(AND($G28="A",$H28="A",$J28="WK "&_xlfn.ISOWEEKNUM($Y$2)),$D$1,$E$1)))) -> ON | AB28: =IF($A28="","",IF(COUNTA($K$2:$AO$2)-4,IF(OR(AB$4<>"Mon",AB$4<>"Tue"),IF(AND($G28="B",$H28="B",$J28="WK "&_xlfn.ISOWEEKNUM($Y$2)),$D$1,$E$1)))) -> ON | AC28: =IF($A28="","",IF(COUNTA($K$2:$AO$2)-4,IF(OR(AC$4<>"Mon",AC$4<>"Tue"),IF(AND($G28="C",$H28="C",$J28="WK "&_xlfn.ISOWEEKNUM($Y$2)),$D$1,$E$1)))) -> ON | AD28: =IF($A28="","",IF(COUNTA($K$2:$AO$2)-4,IF(OR(AD$4<>"Mon",AD$4<>"Tue"),IF(AND($G28="D",$H28="D",$J28="WK "&_xlfn.ISOWEEKNUM($Y$2)),$D$1,$E$1)))) -> ON | AF28: =IF($A28="","",IF(COUNTA($K$2:$AO$2)-4,IF(OR(AF$4="Mon",AF$4="Tue"),$E$1,$D$1))) -> ON | AG28: =IF($A28="","",IF(COUNTA($K$2:$AO$2)-4,IF(OR(AG$4="Mon",AG$4="Tue"),$E$1,$D$1))) -> ON | AH28: =IF($A28="","",IF(COUNTA($K$2:$AO$2)-4,IF(OR(AH$4<>"Mon",AH$4<>"Tue"),IF(AND($G28="A",$H28="A",$J28="WK "&_xlfn.ISOWEEKNUM($AF$2)),$D$1,$E$1)))) -> OFF | AI28: =IF($A28="","",IF(COUNTA($K$2:$AO$2)-4,IF(OR(AI$4<>"Mon",AI$4<>"Tue"),IF(AND($G28="B",$H28="B",$J28="WK "&_xlfn.ISOWEEKNUM($AF$2)),$D$1,$E$1)))) -> ON | AJ28: =IF($A28="","",IF(COUNTA($K$2:$AO$2)-4,IF(OR(AJ$4<>"Mon",AJ$4<>"Tue"),IF(AND($G28="C",$H28="C",$J28="WK "&_xlfn.ISOWEEKNUM($AF$2)),$D$1,$E$1)))) -> ON | AK28: =IF($A28="","",IF(COUNTA($K$2:$AO$2)-4,IF(OR(AK$4<>"Mon",AK$4<>"Tue"),IF(AND($G28="D",$H28="D",$J28="WK "&_xlfn.ISOWEEKNUM($AF$2)),$D$1,$E$1)))) -> ON | AM28: =IF(COUNTA($K$2:$AO$2)-4,IF(OR(AM$4="Mon",AM$4="Tue"),$E$1,$D$1)) -> ON | AN28: =IF(COUNTA($K$2:$AO$2)-4,IF(OR(AN$4="Mon",AN$4="Tue"),$E$1,$D$1)) -> ON | AO28: =IF(COUNTA($K$2:$AO$2)-4,IF(OR(AO$4="Mon",AO$4="Tue",AO$4="Wed"),$E$1,$D$1)) -> ON
A29: =CHOOSE(RANDBETWEEN(1,5),"Lagos","Ogun","Ondo","Oyo","Ekiti") -> Ondo | B29: =CHOOSE(RANDBETWEEN(1,5),"A","B","C","D","E") -> B | C29: =CHOOSE(RANDBETWEEN(1,5),"A1","B1","C1","D1","E1") -> C1 | D29: Mini Bus | E29: =COUNTIF(K29:AO29, "ON") -> 25 | F29: =COUNTIF(K29:AO29, "OFF") -> 2 | G29: {=Groups!$B$2:$B$5} -> A | H29: {=Groups!$B$2:$B$5} -> A | I29: =IF($A29="","",IF(COUNTA($K$2:$P$2)=6,"WK "&_xlfn.ISOWEEKNUM($K$2))) -> WK 18 | J29: =IF($A29="","",IF(COUNTA($Y$2:$AD$2)=6,"WK "&_xlfn.ISOWEEKNUM($Y$2))) -> WK 20 | K29: =IF($A29="","",IF(COUNTA($K$2:$AO$2)-4,IF(OR(K$4="Mon",K$4="Tue"),$E$1,$D$1))) -> ON | L29: =IF($A29="","",IF(COUNTA($K$2:$AO$2)-4,IF(OR(L$4="Mon",L$4="Tue"),$E$1,$D$1))) -> ON | M29: =IF($A29="","",IF(COUNTA($K$2:$AO$2)-4,IF(OR(M$4<>"Mon",M$4<>"Tue"),IF(AND($G29="A",$H29="A",$I29="WK "&_xlfn.ISOWEEKNUM($K$2)),$D$1,$E$1)))) -> OFF | N29: =IF($A29="","",IF(COUNTA($K$2:$AO$2)-4,IF(OR(N$4<>"Mon",N$4<>"Tue"),IF(AND($G29="B",$H29="B",$I29="WK "&_xlfn.ISOWEEKNUM($K$2)),$D$1,$E$1)))) -> ON | O29: =IF($A29="","",IF(COUNTA($K$2:$AO$2)-4,IF(OR(O$4<>"Mon",O$4<>"Tue"),IF(AND($G29="C",$H29="C",$I29="WK "&_xlfn.ISOWEEKNUM($K$2)),$D$1,$E$1)))) -> ON | P29: =IF($A29="","",IF(COUNTA($K$2:$AO$2)-4,IF(OR(P$4<>"Mon",P$4<>"Tue"),IF(AND($G29="D",$H29="D",$I29="WK "&_xlfn.ISOWEEKNUM($K$2)),$D$1,$E$1)))) -> ON | R29: =IF($A29="","",IF(COUNTA($K$2:$AO$2)-4,IF(OR(R$4="Mon",R$4="Tue"),$E$1,$D$1))) -> ON | S29: =IF($A29="","",IF(COUNTA($K$2:$AO$2)-4,IF(OR(S$4="Mon",S$4="Tue"),$E$1,$D$1))) -> ON | T29: =IF($A29="","",IF(COUNTA($K$2:$AO$2)-4,IF(OR(T$4<>"Mon",T$4<>"Tue"),IF(AND($G29="A",$H29="A",$I29="WK "&_xlfn.ISOWEEKNUM($R$2)),$D$1,$E$1)))) -> ON | U29: =IF($A29="","",IF(COUNTA($K$2:$AO$2)-4,IF(OR(U$4<>"Mon",U$4<>"Tue"),IF(AND($G29="B",$H29="B",$I29="WK "&_xlfn.ISOWEEKNUM($R$2)),$D$1,$E$1)))) -> ON | V29: =IF($A29="","",IF(COUNTA($K$2:$AO$2)-4,IF(OR(V$4<>"Mon",V$4<>"Tue"),IF(AND($G29="C",$H29="C",$I29="WK "&_xlfn.ISOWEEKNUM($R$2)),$D$1,$E$1)))) -> ON | W29: =IF($A29="","",IF(COUNTA($K$2:$AO$2)-4,IF(OR(W$4<>"Mon",W$4<>"Tue"),IF(AND($G29="D",$H29="D",$I29="WK "&_xlfn.ISOWEEKNUM($R$2)),$D$1,$E$1)))) -> ON | Y29: =IF($A29="","",IF(COUNTA($K$2:$AO$2)-4,IF(OR(Y$4="Mon",Y$4="Tue"),$E$1,$D$1))) -> ON | Z29: =IF($A29="","",IF(COUNTA($K$2:$AO$2)-4,IF(OR(Z$4="Mon",Z$4="Tue"),$E$1,$D$1))) -> ON | AA29: =IF($A29="","",IF(COUNTA($K$2:$AO$2)-4,IF(OR(AA$4<>"Mon",AA$4<>"Tue"),IF(AND($G29="A",$H29="A",$J29="WK "&_xlfn.ISOWEEKNUM($Y$2)),$D$1,$E$1)))) -> OFF | AB29: =IF($A29="","",IF(COUNTA($K$2:$AO$2)-4,IF(OR(AB$4<>"Mon",AB$4<>"Tue"),IF(AND($G29="B",$H29="B",$J29="WK "&_xlfn.ISOWEEKNUM($Y$2)),$D$1,$E$1)))) -> ON | AC29: =IF($A29="","",IF(COUNTA($K$2:$AO$2)-4,IF(OR(AC$4<>"Mon",AC$4<>"Tue"),IF(AND($G29="C",$H29="C",$J29="WK "&_xlfn.ISOWEEKNUM($Y$2)),$D$1,$E$1)))) -> ON | AD29: =IF($A29="","",IF(COUNTA($K$2:$AO$2)-4,IF(OR(AD$4<>"Mon",AD$4<>"Tue"),IF(AND($G29="D",$H29="D",$J29="WK "&_xlfn.ISOWEEKNUM($Y$2)),$D$1,$E$1)))) -> ON | AF29: =IF($A29="","",IF(COUNTA($K$2:$AO$2)-4,IF(OR(AF$4="Mon",AF$4="Tue"),$E$1,$D$1))) -> ON | AG29: =IF($A29="","",IF(COUNTA($K$2:$AO$2)-4,IF(OR(AG$4="Mon",AG$4="Tue"),$E$1,$D$1))) -> ON | AH29: =IF($A29="","",IF(COUNTA($K$2:$AO$2)-4,IF(OR(AH$4<>"Mon",AH$4<>"Tue"),IF(AND($G29="A",$H29="A",$J29="WK "&_xlfn.ISOWEEKNUM($AF$2)),$D$1,$E$1)))) -> ON | AI29: =IF($A29="","",IF(COUNTA($K$2:$AO$2)-4,IF(OR(AI$4<>"Mon",AI$4<>"Tue"),IF(AND($G29="B",$H29="B",$J29="WK "&_xlfn.ISOWEEKNUM($AF$2)),$D$1,$E$1)))) -> ON | AJ29: =IF($A29="","",IF(COUNTA($K$2:$AO$2)-4,IF(OR(AJ$4<>"Mon",AJ$4<>"Tue"),IF(AND($G29="C",$H29="C",$J29="WK "&_xlfn.ISOWEEKNUM($AF$2)),$D$1,$E$1)))) -> ON | AK29: =IF($A29="","",IF(COUNTA($K$2:$AO$2)-4,IF(OR(AK$4<>"Mon",AK$4<>"Tue"),IF(AND($G29="D",$H29="D",$J29="WK "&_xlfn.ISOWEEKNUM($AF$2)),$D$1,$E$1)))) -> ON | AM29: =IF(COUNTA($K$2:$AO$2)-4,IF(OR(AM$4="Mon",AM$4="Tue"),$E$1,$D$1)) -> ON | AN29: =IF(COUNTA($K$2:$AO$2)-4,IF(OR(AN$4="Mon",AN$4="Tue"),$E$1,$D$1)) -> ON | AO29: =IF(COUNTA($K$2:$AO$2)-4,IF(OR(AO$4="Mon",AO$4="Tue",AO$4="Wed"),$E$1,$D$1)) -> ON
A30: =CHOOSE(RANDBETWEEN(1,5),"Lagos","Ogun","Ondo","Oyo","Ekiti") -> Ondo | B30: =CHOOSE(RANDBETWEEN(1,5),"A","B","C","D","E") -> D | C30: =CHOOSE(RANDBETWEEN(1,5),"A1","B1","C1","D1","E1") -> B1 | D30: Mini Bus | E30: =COUNTIF(K30:AO30, "ON") -> 25 | F30: =COUNTIF(K30:AO30, "OFF") -> 2 | G30: B | H30: B | I30: =IF($A30="","",IF(COUNTA($R$2:$W$2)=6,"WK "&_xlfn.ISOWEEKNUM($R$2))) -> WK 19 | J30: =IF($A30="","",IF(COUNTA($AF$2:$AK$2)=6,"WK "&_xlfn.ISOWEEKNUM($AF$2))) -> WK 21 | K30: =IF($A30="","",IF(COUNTA($K$2:$AO$2)-4,IF(OR(K$4="Mon",K$4="Tue"),$E$1,$D$1))) -> ON | L30: =IF($A30="","",IF(COUNTA($K$2:$AO$2)-4,IF(OR(L$4="Mon",L$4="Tue"),$E$1,$D$1))) -> ON | M30: =IF($A30="","",IF(COUNTA($K$2:$AO$2)-4,IF(OR(M$4<>"Mon",M$4<>"Tue"),IF(AND($G30="A",$H30="A",$I30="WK "&_xlfn.ISOWEEKNUM($K$2)),$D$1,$E$1)))) -> ON | N30: =IF($A30="","",IF(COUNTA($K$2:$AO$2)-4,IF(OR(N$4<>"Mon",N$4<>"Tue"),IF(AND($G30="B",$H30="B",$I30="WK "&_xlfn.ISOWEEKNUM($K$2)),$D$1,$E$1)))) -> ON | O30: =IF($A30="","",IF(COUNTA($K$2:$AO$2)-4,IF(OR(O$4<>"Mon",O$4<>"Tue"),IF(AND($G30="C",$H30="C",$I30="WK "&_xlfn.ISOWEEKNUM($K$2)),$D$1,$E$1)))) -> ON | P30: =IF($A30="","",IF(COUNTA($K$2:$AO$2)-4,IF(OR(P$4<>"Mon",P$4<>"Tue"),IF(AND($G30="D",$H30="D",$I30="WK "&_xlfn.ISOWEEKNUM($K$2)),$D$1,$E$1)))) -> ON | R30: =IF($A30="","",IF(COUNTA($K$2:$AO$2)-4,IF(OR(R$4="Mon",R$4="Tue"),$E$1,$D$1))) -> ON | S30: =IF($A30="","",IF(COUNTA($K$2:$AO$2)-4,IF(OR(S$4="Mon",S$4="Tue"),$E$1,$D$1))) -> ON | T30: =IF($A30="","",IF(COUNTA($K$2:$AO$2)-4,IF(OR(T$4<>"Mon",T$4<>"Tue"),IF(AND($G30="A",$H30="A",$I30="WK "&_xlfn.ISOWEEKNUM($R$2)),$D$1,$E$1)))) -> ON | U30: =IF($A30="","",IF(COUNTA($K$2:$AO$2)-4,IF(OR(U$4<>"Mon",U$4<>"Tue"),IF(AND($G30="B",$H30="B",$I30="WK "&_xlfn.ISOWEEKNUM($R$2)),$D$1,$E$1)))) -> OFF | V30: =IF($A30="","",IF(COUNTA($K$2:$AO$2)-4,IF(OR(V$4<>"Mon",V$4<>"Tue"),IF(AND($G30="C",$H30="C",$I30="WK "&_xlfn.ISOWEEKNUM($R$2)),$D$1,$E$1)))) -> ON | W30: =IF($A30="","",IF(COUNTA($K$2:$AO$2)-4,IF(OR(W$4<>"Mon",W$4<>"Tue"),IF(AND($G30="D",$H30="D",$I30="WK "&_xlfn.ISOWEEKNUM($R$2)),$D$1,$E$1)))) -> ON | Y30: =IF($A30="","",IF(COUNTA($K$2:$AO$2)-4,IF(OR(Y$4="Mon",Y$4="Tue"),$E$1,$D$1))) -> ON | Z30: =IF($A30="","",IF(COUNTA($K$2:$AO$2)-4,IF(OR(Z$4="Mon",Z$4="Tue"),$E$1,$D$1))) -> ON | AA30: =IF($A30="","",IF(COUNTA($K$2:$AO$2)-4,IF(OR(AA$4<>"Mon",AA$4<>"Tue"),IF(AND($G30="A",$H30="A",$J30="WK "&_xlfn.ISOWEEKNUM($Y$2)),$D$1,$E$1)))) -> ON | AB30: =IF($A30="","",IF(COUNTA($K$2:$AO$2)-4,IF(OR(AB$4<>"Mon",AB$4<>"Tue"),IF(AND($G30="B",$H30="B",$J30="WK "&_xlfn.ISOWEEKNUM($Y$2)),$D$1,$E$1)))) -> ON | AC30: =IF($A30="","",IF(COUNTA($K$2:$AO$2)-4,IF(OR(AC$4<>"Mon",AC$4<>"Tue"),IF(AND($G30="C",$H30="C",$J30="WK "&_xlfn.ISOWEEKNUM($Y$2)),$D$1,$E$1)))) -> ON | AD30: =IF($A30="","",IF(COUNTA($K$2:$AO$2)-4,IF(OR(AD$4<>"Mon",AD$4<>"Tue"),IF(AND($G30="D",$H30="D",$J30="WK "&_xlfn.ISOWEEKNUM($Y$2)),$D$1,$E$1)))) -> ON | AF30: =IF($A30="","",IF(COUNTA($K$2:$AO$2)-4,IF(OR(AF$4="Mon",AF$4="Tue"),$E$1,$D$1))) -> ON | AG30: =IF($A30="","",IF(COUNTA($K$2:$AO$2)-4,IF(OR(AG$4="Mon",AG$4="Tue"),$E$1,$D$1))) -> ON | AH30: =IF($A30="","",IF(COUNTA($K$2:$AO$2)-4,IF(OR(AH$4<>"Mon",AH$4<>"Tue"),IF(AND($G30="A",$H30="A",$J30="WK "&_xlfn.ISOWEEKNUM($AF$2)),$D$1,$E$1)))) -> ON | AI30: =IF($A30="","",IF(COUNTA($K$2:$AO$2)-4,IF(OR(AI$4<>"Mon",AI$4<>"Tue"),IF(AND($G30="B",$H30="B",$J30="WK "&_xlfn.ISOWEEKNUM($AF$2)),$D$1,$E$1)))) -> OFF | AJ30: =IF($A30="","",IF(COUNTA($K$2:$AO$2)-4,IF(OR(AJ$4<>"Mon",AJ$4<>"Tue"),IF(AND($G30="C",$H30="C",$J30="WK "&_xlfn.ISOWEEKNUM($AF$2)),$D$1,$E$1)))) -> ON | AK30: =IF($A30="","",IF(COUNTA($K$2:$AO$2)-4,IF(OR(AK$4<>"Mon",AK$4<>"Tue"),IF(AND($G30="D",$H30="D",$J30="WK "&_xlfn.ISOWEEKNUM($AF$2)),$D$1,$E$1)))) -> ON | AM30: =IF(COUNTA($K$2:$AO$2)-4,IF(OR(AM$4="Mon",AM$4="Tue"),$E$1,$D$1)) -> ON | AN30: =IF(COUNTA($K$2:$AO$2)-4,IF(OR(AN$4="Mon",AN$4="Tue"),$E$1,$D$1)) -> ON | AO30: =IF(COUNTA($K$2:$AO$2)-4,IF(OR(AO$4="Mon",AO$4="Tue",AO$4="Wed"),$E$1,$D$1)) -> ON
A31: =CHOOSE(RANDBETWEEN(1,5),"Lagos","Ogun","Ondo","Oyo","Ekiti") -> Lagos | B31: =CHOOSE(RANDBETWEEN(1,5),"A","B","C","D","E") -> B | C31: =CHOOSE(RANDBETWEEN(1,5),"A1","B1","C1","D1","E1") -> E1 | D31: Mini Bus | E31: =COUNTIF(K31:AO31, "ON") -> 25 | F31: =COUNTIF(K31:AO31, "OFF") -> 2 | G31: C | H31: C | I31: =IF($A31="","",IF(COUNTA($K$2:$P$2)=6,"WK "&_xlfn.ISOWEEKNUM($K$2))) -> WK 18 | J31: =IF($A31="","",IF(COUNTA($Y$2:$AD$2)=6,"WK "&_xlfn.ISOWEEKNUM($Y$2))) -> WK 20 | K31: =IF($A31="","",IF(COUNTA($K$2:$AO$2)-4,IF(OR(K$4="Mon",K$4="Tue"),$E$1,$D$1))) -> ON | L31: =IF($A31="","",IF(COUNTA($K$2:$AO$2)-4,IF(OR(L$4="Mon",L$4="Tue"),$E$1,$D$1))) -> ON | M31: =IF($A31="","",IF(COUNTA($K$2:$AO$2)-4,IF(OR(M$4<>"Mon",M$4<>"Tue"),IF(AND($G31="A",$H31="A",$I31="WK "&_xlfn.ISOWEEKNUM($K$2)),$D$1,$E$1)))) -> ON | N31: =IF($A31="","",IF(COUNTA($K$2:$AO$2)-4,IF(OR(N$4<>"Mon",N$4<>"Tue"),IF(AND($G31="B",$H31="B",$I31="WK "&_xlfn.ISOWEEKNUM($K$2)),$D$1,$E$1)))) -> ON | O31: =IF($A31="","",IF(COUNTA($K$2:$AO$2)-4,IF(OR(O$4<>"Mon",O$4<>"Tue"),IF(AND($G31="C",$H31="C",$I31="WK "&_xlfn.ISOWEEKNUM($K$2)),$D$1,$E$1)))) -> OFF | P31: =IF($A31="","",IF(COUNTA($K$2:$AO$2)-4,IF(OR(P$4<>"Mon",P$4<>"Tue"),IF(AND($G31="D",$H31="D",$I31="WK "&_xlfn.ISOWEEKNUM($K$2)),$D$1,$E$1)))) -> ON | R31: =IF($A31="","",IF(COUNTA($K$2:$AO$2)-4,IF(OR(R$4="Mon",R$4="Tue"),$E$1,$D$1))) -> ON | S31: =IF($A31="","",IF(COUNTA($K$2:$AO$2)-4,IF(OR(S$4="Mon",S$4="Tue"),$E$1,$D$1))) -> ON | T31: =IF($A31="","",IF(COUNTA($K$2:$AO$2)-4,IF(OR(T$4<>"Mon",T$4<>"Tue"),IF(AND($G31="A",$H31="A",$I31="WK "&_xlfn.ISOWEEKNUM($R$2)),$D$1,$E$1)))) -> ON | U31: =IF($A31="","",IF(COUNTA($K$2:$AO$2)-4,IF(OR(U$4<>"Mon",U$4<>"Tue"),IF(AND($G31="B",$H31="B",$I31="WK "&_xlfn.ISOWEEKNUM($R$2)),$D$1,$E$1)))) -> ON | V31: =IF($A31="","",IF(COUNTA($K$2:$AO$2)-4,IF(OR(V$4<>"Mon",V$4<>"Tue"),IF(AND($G31="C",$H31="C",$I31="WK "&_xlfn.ISOWEEKNUM($R$2)),$D$1,$E$1)))) -> ON | W31: =IF($A31="","",IF(COUNTA($K$2:$AO$2)-4,IF(OR(W$4<>"Mon",W$4<>"Tue"),IF(AND($G31="D",$H31="D",$I31="WK "&_xlfn.ISOWEEKNUM($R$2)),$D$1,$E$1)))) -> ON | Y31: =IF($A31="","",IF(COUNTA($K$2:$AO$2)-4,IF(OR(Y$4="Mon",Y$4="Tue"),$E$1,$D$1))) -> ON | Z31: =IF($A31="","",IF(COUNTA($K$2:$AO$2)-4,IF(OR(Z$4="Mon",Z$4="Tue"),$E$1,$D$1))) -> ON | AA31: =IF($A31="","",IF(COUNTA($K$2:$AO$2)-4,IF(OR(AA$4<>"Mon",AA$4<>"Tue"),IF(AND($G31="A",$H31="A",$J31="WK "&_xlfn.ISOWEEKNUM($Y$2)),$D$1,$E$1)))) -> ON | AB31: =IF($A31="","",IF(COUNTA($K$2:$AO$2)-4,IF(OR(AB$4<>"Mon",AB$4<>"Tue"),IF(AND($G31="B",$H31="B",$J31="WK "&_xlfn.ISOWEEKNUM($Y$2)),$D$1,$E$1)))) -> ON | AC31: =IF($A31="","",IF(COUNTA($K$2:$AO$2)-4,IF(OR(AC$4<>"Mon",AC$4<>"Tue"),IF(AND($G31="C",$H31="C",$J31="WK "&_xlfn.ISOWEEKNUM($Y$2)),$D$1,$E$1)))) -> OFF | AD31: =IF($A31="","",IF(COUNTA($K$2:$AO$2)-4,IF(OR(AD$4<>"Mon",AD$4<>"Tue"),IF(AND($G31="D",$H31="D",$J31="WK "&_xlfn.ISOWEEKNUM($Y$2)),$D$1,$E$1)))) -> ON | AF31: =IF($A31="","",IF(COUNTA($K$2:$AO$2)-4,IF(OR(AF$4="Mon",AF$4="Tue"),$E$1,$D$1))) -> ON | AG31: =IF($A31="","",IF(COUNTA($K$2:$AO$2)-4,IF(OR(AG$4="Mon",AG$4="Tue"),$E$1,$D$1))) -> ON | AH31: =IF($A31="","",IF(COUNTA($K$2:$AO$2)-4,IF(OR(AH$4<>"Mon",AH$4<>"Tue"),IF(AND($G31="A",$H31="A",$J31="WK "&_xlfn.ISOWEEKNUM($AF$2)),$D$1,$E$1)))) -> ON | AI31: =IF($A31="","",IF(COUNTA($K$2:$AO$2)-4,IF(OR(AI$4<>"Mon",AI$4<>"Tue"),IF(AND($G31="B",$H31="B",$J31="WK "&_xlfn.ISOWEEKNUM($AF$2)),$D$1,$E$1)))) -> ON | AJ31: =IF($A31="","",IF(COUNTA($K$2:$AO$2)-4,IF(OR(AJ$4<>"Mon",AJ$4<>"Tue"),IF(AND($G31="C",$H31="C",$J31="WK "&_xlfn.ISOWEEKNUM($AF$2)),$D$1,$E$1)))) -> ON | AK31: =IF($A31="","",IF(COUNTA($K$2:$AO$2)-4,IF(OR(AK$4<>"Mon",AK$4<>"Tue"),IF(AND($G31="D",$H31="D",$J31="WK "&_xlfn.ISOWEEKNUM($AF$2)),$D$1,$E$1)))) -> ON | AM31: =IF(COUNTA($K$2:$AO$2)-4,IF(OR(AM$4="Mon",AM$4="Tue"),$E$1,$D$1)) -> ON | AN31: =IF(COUNTA($K$2:$AO$2)-4,IF(OR(AN$4="Mon",AN$4="Tue"),$E$1,$D$1)) -> ON | AO31: =IF(COUNTA($K$2:$AO$2)-4,IF(OR(AO$4="Mon",AO$4="Tue",AO$4="Wed"),$E$1,$D$1)) -> ON
A32: =CHOOSE(RANDBETWEEN(1,5),"Lagos","Ogun","Ondo","Oyo","Ekiti") -> Ogun | B32: =CHOOSE(RANDBETWEEN(1,5),"A","B","C","D","E") -> B | C32: =CHOOSE(RANDBETWEEN(1,5),"A1","B1","C1","D1","E1") -> B1 | D32: Mini Bus | E32: =COUNTIF(K32:AO32, "ON") -> 25 | F32: =COUNTIF(K32:AO32, "OFF") -> 2 | G32: D | H32: D | I32: =IF($A32="","",IF(COUNTA($R$2:$W$2)=6,"WK "&_xlfn.ISOWEEKNUM($R$2))) -> WK 19 | J32: =IF($A32="","",IF(COUNTA($AF$2:$AK$2)=6,"WK "&_xlfn.ISOWEEKNUM($AF$2))) -> WK 21 | K32: =IF($A32="","",IF(COUNTA($K$2:$AO$2)-4,IF(OR(K$4="Mon",K$4="Tue"),$E$1,$D$1))) -> ON | L32: =IF($A32="","",IF(COUNTA($K$2:$AO$2)-4,IF(OR(L$4="Mon",L$4="Tue"),$E$1,$D$1))) -> ON | M32: =IF($A32="","",IF(COUNTA($K$2:$AO$2)-4,IF(OR(M$4<>"Mon",M$4<>"Tue"),IF(AND($G32="A",$H32="A",$I32="WK "&_xlfn.ISOWEEKNUM($K$2)),$D$1,$E$1)))) -> ON | N32: =IF($A32="","",IF(COUNTA($K$2:$AO$2)-4,IF(OR(N$4<>"Mon",N$4<>"Tue"),IF(AND($G32="B",$H32="B",$I32="WK "&_xlfn.ISOWEEKNUM($K$2)),$D$1,$E$1)))) -> ON | O32: =IF($A32="","",IF(COUNTA($K$2:$AO$2)-4,IF(OR(O$4<>"Mon",O$4<>"Tue"),IF(AND($G32="C",$H32="C",$I32="WK "&_xlfn.ISOWEEKNUM($K$2)),$D$1,$E$1)))) -> ON | P32: =IF($A32="","",IF(COUNTA($K$2:$AO$2)-4,IF(OR(P$4<>"Mon",P$4<>"Tue"),IF(AND($G32="D",$H32="D",$I32="WK "&_xlfn.ISOWEEKNUM($K$2)),$D$1,$E$1)))) -> ON | R32: =IF($A32="","",IF(COUNTA($K$2:$AO$2)-4,IF(OR(R$4="Mon",R$4="Tue"),$E$1,$D$1))) -> ON | S32: =IF($A32="","",IF(COUNTA($K$2:$AO$2)-4,IF(OR(S$4="Mon",S$4="Tue"),$E$1,$D$1))) -> ON | T32: =IF($A32="","",IF(COUNTA($K$2:$AO$2)-4,IF(OR(T$4<>"Mon",T$4<>"Tue"),IF(AND($G32="A",$H32="A",$I32="WK "&_xlfn.ISOWEEKNUM($R$2)),$D$1,$E$1)))) -> ON | U32: =IF($A32="","",IF(COUNTA($K$2:$AO$2)-4,IF(OR(U$4<>"Mon",U$4<>"Tue"),IF(AND($G32="B",$H32="B",$I32="WK "&_xlfn.ISOWEEKNUM($R$2)),$D$1,$E$1)))) -> ON | V32: =IF($A32="","",IF(COUNTA($K$2:$AO$2)-4,IF(OR(V$4<>"Mon",V$4<>"Tue"),IF(AND($G32="C",$H32="C",$I32="WK "&_xlfn.ISOWEEKNUM($R$2)),$D$1,$E$1)))) -> ON | W32: =IF($A32="","",IF(COUNTA($K$2:$AO$2)-4,IF(OR(W$4<>"Mon",W$4<>"Tue"),IF(AND($G32="D",$H32="D",$I32="WK "&_xlfn.ISOWEEKNUM($R$2)),$D$1,$E$1)))) -> OFF | Y32: =IF($A32="","",IF(COUNTA($K$2:$AO$2)-4,IF(OR(Y$4="Mon",Y$4="Tue"),$E$1,$D$1))) -> ON | Z32: =IF($A32="","",IF(COUNTA($K$2:$AO$2)-4,IF(OR(Z$4="Mon",Z$4="Tue"),$E$1,$D$1))) -> ON | AA32: =IF($A32="","",IF(COUNTA($K$2:$AO$2)-4,IF(OR(AA$4<>"Mon",AA$4<>"Tue"),IF(AND($G32="A",$H32="A",$J32="WK "&_xlfn.ISOWEEKNUM($Y$2)),$D$1,$E$1)))) -> ON | AB32: =IF($A32="","",IF(COUNTA($K$2:$AO$2)-4,IF(OR(AB$4<>"Mon",AB$4<>"Tue"),IF(AND($G32="B",$H32="B",$J32="WK "&_xlfn.ISOWEEKNUM($Y$2)),$D$1,$E$1)))) -> ON | AC32: =IF($A32="","",IF(COUNTA($K$2:$AO$2)-4,IF(OR(AC$4<>"Mon",AC$4<>"Tue"),IF(AND($G32="C",$H32="C",$J32="WK "&_xlfn.ISOWEEKNUM($Y$2)),$D$1,$E$1)))) -> ON | AD32: =IF($A32="","",IF(COUNTA($K$2:$AO$2)-4,IF(OR(AD$4<>"Mon",AD$4<>"Tue"),IF(AND($G32="D",$H32="D",$J32="WK "&_xlfn.ISOWEEKNUM($Y$2)),$D$1,$E$1)))) -> ON | AF32: =IF($A32="","",IF(COUNTA($K$2:$AO$2)-4,IF(OR(AF$4="Mon",AF$4="Tue"),$E$1,$D$1))) -> ON | AG32: =IF($A32="","",IF(COUNTA($K$2:$AO$2)-4,IF(OR(AG$4="Mon",AG$4="Tue"),$E$1,$D$1))) -> ON | AH32: =IF($A32="","",IF(COUNTA($K$2:$AO$2)-4,IF(OR(AH$4<>"Mon",AH$4<>"Tue"),IF(AND($G32="A",$H32="A",$J32="WK "&_xlfn.ISOWEEKNUM($AF$2)),$D$1,$E$1)))) -> ON | AI32: =IF($A32="","",IF(COUNTA($K$2:$AO$2)-4,IF(OR(AI$4<>"Mon",AI$4<>"Tue"),IF(AND($G32="B",$H32="B",$J32="WK "&_xlfn.ISOWEEKNUM($AF$2)),$D$1,$E$1)))) -> ON | AJ32: =IF($A32="","",IF(COUNTA($K$2:$AO$2)-4,IF(OR(AJ$4<>"Mon",AJ$4<>"Tue"),IF(AND($G32="C",$H32="C",$J32="WK "&_xlfn.ISOWEEKNUM($AF$2)),$D$1,$E$1)))) -> ON | AK32: =IF($A32="","",IF(COUNTA($K$2:$AO$2)-4,IF(OR(AK$4<>"Mon",AK$4<>"Tue"),IF(AND($G32="D",$H32="D",$J32="WK "&_xlfn.ISOWEEKNUM($AF$2)),$D$1,$E$1)))) -> OFF | AM32: =IF(COUNTA($K$2:$AO$2)-4,IF(OR(AM$4="Mon",AM$4="Tue"),$E$1,$D$1)) -> ON | AN32: =IF(COUNTA($K$2:$AO$2)-4,IF(OR(AN$4="Mon",AN$4="Tue"),$E$1,$D$1)) -> ON | AO32: =IF(COUNTA($K$2:$AO$2)-4,IF(OR(AO$4="Mon",AO$4="Tue",AO$4="Wed"),$E$1,$D$1)) -> ON
A33: =CHOOSE(RANDBETWEEN(1,5),"Lagos","Ogun","Ondo","Oyo","Ekiti") -> Ogun | B33: =CHOOSE(RANDBETWEEN(1,5),"A","B","C","D","E") -> C | C33: =CHOOSE(RANDBETWEEN(1,5),"A1","B1","C1","D1","E1") -> D1 | D33: Mini Bus | E33: =COUNTIF(K33:AO33, "ON") -> 25 | F33: =COUNTIF(K33:AO33, "OFF") -> 2 | G33: {=IF($G$5:$G$8={"A";"B";"C";"D"},{"D";"C";"B";"A"},{"A";"B";"C";"D"})} -> D | H33: {=IF($H$5:$H$8={"A";"B";"C";"D"},{"D";"C";"B";"A"},{"A";"B";"C";"D"})} -> D | I33: =IF($A33="","",IF(COUNTA($K$2:$P$2)=6,"WK "&_xlfn.ISOWEEKNUM($K$2))) -> WK 18 | J33: =IF($A33="","",IF(COUNTA($Y$2:$AD$2)=6,"WK "&_xlfn.ISOWEEKNUM($Y$2))) -> WK 20 | K33: =IF($A33="","",IF(COUNTA($K$2:$AO$2)-4,IF(OR(K$4="Mon",K$4="Tue"),$E$1,$D$1))) -> ON | L33: =IF($A33="","",IF(COUNTA($K$2:$AO$2)-4,IF(OR(L$4="Mon",L$4="Tue"),$E$1,$D$1))) -> ON | M33: =IF($A33="","",IF(COUNTA($K$2:$AO$2)-4,IF(OR(M$4<>"Mon",M$4<>"Tue"),IF(AND($G33="A",$H33="A",$I33="WK "&_xlfn.ISOWEEKNUM($K$2)),$D$1,$E$1)))) -> ON | N33: =IF($A33="","",IF(COUNTA($K$2:$AO$2)-4,IF(OR(N$4<>"Mon",N$4<>"Tue"),IF(AND($G33="B",$H33="B",$I33="WK "&_xlfn.ISOWEEKNUM($K$2)),$D$1,$E$1)))) -> ON | O33: =IF($A33="","",IF(COUNTA($K$2:$AO$2)-4,IF(OR(O$4<>"Mon",O$4<>"Tue"),IF(AND($G33="C",$H33="C",$I33="WK "&_xlfn.ISOWEEKNUM($K$2)),$D$1,$E$1)))) -> ON | P33: =IF($A33="","",IF(COUNTA($K$2:$AO$2)-4,IF(OR(P$4<>"Mon",P$4<>"Tue"),IF(AND($G33="D",$H33="D",$I33="WK "&_xlfn.ISOWEEKNUM($K$2)),$D$1,$E$1)))) -> OFF | R33: =IF($A33="","",IF(COUNTA($K$2:$AO$2)-4,IF(OR(R$4="Mon",R$4="Tue"),$E$1,$D$1))) -> ON | S33: =IF($A33="","",IF(COUNTA($K$2:$AO$2)-4,IF(OR(S$4="Mon",S$4="Tue"),$E$1,$D$1))) -> ON | T33: =IF($A33="","",IF(COUNTA($K$2:$AO$2)-4,IF(OR(T$4<>"Mon",T$4<>"Tue"),IF(AND($G33="A",$H33="A",$I33="WK "&_xlfn.ISOWEEKNUM($R$2)),$D$1,$E$1)))) -> ON | U33: =IF($A33="","",IF(COUNTA($K$2:$AO$2)-4,IF(OR(U$4<>"Mon",U$4<>"Tue"),IF(AND($G33="B",$H33="B",$I33="WK "&_xlfn.ISOWEEKNUM($R$2)),$D$1,$E$1)))) -> ON | V33: =IF($A33="","",IF(COUNTA($K$2:$AO$2)-4,IF(OR(V$4<>"Mon",V$4<>"Tue"),IF(AND($G33="C",$H33="C",$I33="WK "&_xlfn.ISOWEEKNUM($R$2)),$D$1,$E$1)))) -> ON | W33: =IF($A33="","",IF(COUNTA($K$2:$AO$2)-4,IF(OR(W$4<>"Mon",W$4<>"Tue"),IF(AND($G33="D",$H33="D",$I33="WK "&_xlfn.ISOWEEKNUM($R$2)),$D$1,$E$1)))) -> ON | Y33: =IF($A33="","",IF(COUNTA($K$2:$AO$2)-4,IF(OR(Y$4="Mon",Y$4="Tue"),$E$1,$D$1))) -> ON | Z33: =IF($A33="","",IF(COUNTA($K$2:$AO$2)-4,IF(OR(Z$4="Mon",Z$4="Tue"),$E$1,$D$1))) -> ON | AA33: =IF($A33="","",IF(COUNTA($K$2:$AO$2)-4,IF(OR(AA$4<>"Mon",AA$4<>"Tue"),IF(AND($G33="A",$H33="A",$J33="WK "&_xlfn.ISOWEEKNUM($Y$2)),$D$1,$E$1)))) -> ON | AB33: =IF($A33="","",IF(COUNTA($K$2:$AO$2)-4,IF(OR(AB$4<>"Mon",AB$4<>"Tue"),IF(AND($G33="B",$H33="B",$J33="WK "&_xlfn.ISOWEEKNUM($Y$2)),$D$1,$E$1)))) -> ON | AC33: =IF($A33="","",IF(COUNTA($K$2:$AO$2)-4,IF(OR(AC$4<>"Mon",AC$4<>"Tue"),IF(AND($G33="C",$H33="C",$J33="WK "&_xlfn.ISOWEEKNUM($Y$2)),$D$1,$E$1)))) -> ON | AD33: =IF($A33="","",IF(COUNTA($K$2:$AO$2)-4,IF(OR(AD$4<>"Mon",AD$4<>"Tue"),IF(AND($G33="D",$H33="D",$J33="WK "&_xlfn.ISOWEEKNUM($Y$2)),$D$1,$E$1)))) -> OFF | AF33: =IF($A33="","",IF(COUNTA($K$2:$AO$2)-4,IF(OR(AF$4="Mon",AF$4="Tue"),$E$1,$D$1))) -> ON | AG33: =IF($A33="","",IF(COUNTA($K$2:$AO$2)-4,IF(OR(AG$4="Mon",AG$4="Tue"),$E$1,$D$1))) -> ON | AH33: =IF($A33="","",IF(COUNTA($K$2:$AO$2)-4,IF(OR(AH$4<>"Mon",AH$4<>"Tue"),IF(AND($G33="A",$H33="A",$J33="WK "&_xlfn.ISOWEEKNUM($AF$2)),$D$1,$E$1)))) -> ON | AI33: =IF($A33="","",IF(COUNTA($K$2:$AO$2)-4,IF(OR(AI$4<>"Mon",AI$4<>"Tue"),IF(AND($G33="B",$H33="B",$J33="WK "&_xlfn.ISOWEEKNUM($AF$2)),$D$1,$E$1)))) -> ON | AJ33: =IF($A33="","",IF(COUNTA($K$2:$AO$2)-4,IF(OR(AJ$4<>"Mon",AJ$4<>"Tue"),IF(AND($G33="C",$H33="C",$J33="WK "&_xlfn.ISOWEEKNUM($AF$2)),$D$1,$E$1)))) -> ON | AK33: =IF($A33="","",IF(COUNTA($K$2:$AO$2)-4,IF(OR(AK$4<>"Mon",AK$4<>"Tue"),IF(AND($G33="D",$H33="D",$J33="WK "&_xlfn.ISOWEEKNUM($AF$2)),$D$1,$E$1)))) -> ON | AM33: =IF(COUNTA($K$2:$AO$2)-4,IF(OR(AM$4="Mon",AM$4="Tue"),$E$1,$D$1)) -> ON | AN33: =IF(COUNTA($K$2:$AO$2)-4,IF(OR(AN$4="Mon",AN$4="Tue"),$E$1,$D$1)) -> ON | AO33: =IF(COUNTA($K$2:$AO$2)-4,IF(OR(AO$4="Mon",AO$4="Tue",AO$4="Wed"),$E$1,$D$1)) -> ON
A34: =CHOOSE(RANDBETWEEN(1,5),"Lagos","Ogun","Ondo","Oyo","Ekiti") -> Ogun | B34: =CHOOSE(RANDBETWEEN(1,5),"A","B","C","D","E") -> A | C34: =CHOOSE(RANDBETWEEN(1,5),"A1","B1","C1","D1","E1") -> E1 | D34: Mini Bus | E34: =COUNTIF(K34:AO34, "ON") -> 25 | F34: =COUNTIF(K34:AO34, "OFF") -> 2 | G34: C | H34: C | I34: =IF($A34="","",IF(COUNTA($R$2:$W$2)=6,"WK "&_xlfn.ISOWEEKNUM($R$2))) -> WK 19 | J34: =IF($A34="","",IF(COUNTA($AF$2:$AK$2)=6,"WK "&_xlfn.ISOWEEKNUM($AF$2))) -> WK 21 | K34: =IF($A34="","",IF(COUNTA($K$2:$AO$2)-4,IF(OR(K$4="Mon",K$4="Tue"),$E$1,$D$1))) -> ON | L34: =IF($A34="","",IF(COUNTA($K$2:$AO$2)-4,IF(OR(L$4="Mon",L$4="Tue"),$E$1,$D$1))) -> ON | M34: =IF($A34="","",IF(COUNTA($K$2:$AO$2)-4,IF(OR(M$4<>"Mon",M$4<>"Tue"),IF(AND($G34="A",$H34="A",$I34="WK "&_xlfn.ISOWEEKNUM($K$2)),$D$1,$E$1)))) -> ON | N34: =IF($A34="","",IF(COUNTA($K$2:$AO$2)-4,IF(OR(N$4<>"Mon",N$4<>"Tue"),IF(AND($G34="B",$H34="B",$I34="WK "&_xlfn.ISOWEEKNUM($K$2)),$D$1,$E$1)))) -> ON | O34: =IF($A34="","",IF(COUNTA($K$2:$AO$2)-4,IF(OR(O$4<>"Mon",O$4<>"Tue"),IF(AND($G34="C",$H34="C",$I34="WK "&_xlfn.ISOWEEKNUM($K$2)),$D$1,$E$1)))) -> ON | P34: =IF($A34="","",IF(COUNTA($K$2:$AO$2)-4,IF(OR(P$4<>"Mon",P$4<>"Tue"),IF(AND($G34="D",$H34="D",$I34="WK "&_xlfn.ISOWEEKNUM($K$2)),$D$1,$E$1)))) -> ON | R34: =IF($A34="","",IF(COUNTA($K$2:$AO$2)-4,IF(OR(R$4="Mon",R$4="Tue"),$E$1,$D$1))) -> ON | S34: =IF($A34="","",IF(COUNTA($K$2:$AO$2)-4,IF(OR(S$4="Mon",S$4="Tue"),$E$1,$D$1))) -> ON | T34: =IF($A34="","",IF(COUNTA($K$2:$AO$2)-4,IF(OR(T$4<>"Mon",T$4<>"Tue"),IF(AND($G34="A",$H34="A",$I34="WK "&_xlfn.ISOWEEKNUM($R$2)),$D$1,$E$1)))) -> ON | U34: =IF($A34="","",IF(COUNTA($K$2:$AO$2)-4,IF(OR(U$4<>"Mon",U$4<>"Tue"),IF(AND($G34="B",$H34="B",$I34="WK "&_xlfn.ISOWEEKNUM($R$2)),$D$1,$E$1)))) -> ON | V34: =IF($A34="","",IF(COUNTA($K$2:$AO$2)-4,IF(OR(V$4<>"Mon",V$4<>"Tue"),IF(AND($G34="C",$H34="C",$I34="WK "&_xlfn.ISOWEEKNUM($R$2)),$D$1,$E$1)))) -> OFF | W34: =IF($A34="","",IF(COUNTA($K$2:$AO$2)-4,IF(OR(W$4<>"Mon",W$4<>"Tue"),IF(AND($G34="D",$H34="D",$I34="WK "&_xlfn.ISOWEEKNUM($R$2)),$D$1,$E$1)))) -> ON | Y34: =IF($A34="","",IF(COUNTA($K$2:$AO$2)-4,IF(OR(Y$4="Mon",Y$4="Tue"),$E$1,$D$1))) -> ON | Z34: =IF($A34="","",IF(COUNTA($K$2:$AO$2)-4,IF(OR(Z$4="Mon",Z$4="Tue"),$E$1,$D$1))) -> ON | AA34: =IF($A34="","",IF(COUNTA($K$2:$AO$2)-4,IF(OR(AA$4<>"Mon",AA$4<>"Tue"),IF(AND($G34="A",$H34="A",$J34="WK "&_xlfn.ISOWEEKNUM($Y$2)),$D$1,$E$1)))) -> ON | AB34: =IF($A34="","",IF(COUNTA($K$2:$AO$2)-4,IF(OR(AB$4<>"Mon",AB$4<>"Tue"),IF(AND($G34="B",$H34="B",$J34="WK "&_xlfn.ISOWEEKNUM($Y$2)),$D$1,$E$1)))) -> ON | AC34: =IF($A34="","",IF(COUNTA($K$2:$AO$2)-4,IF(OR(AC$4<>"Mon",AC$4<>"Tue"),IF(AND($G34="C",$H34="C",$J34="WK "&_xlfn.ISOWEEKNUM($Y$2)),$D$1,$E$1)))) -> ON | AD34: =IF($A34="","",IF(COUNTA($K$2:$AO$2)-4,IF(OR(AD$4<>"Mon",AD$4<>"Tue"),IF(AND($G34="D",$H34="D",$J34="WK "&_xlfn.ISOWEEKNUM($Y$2)),$D$1,$E$1)))) -> ON | AF34: =IF($A34="","",IF(COUNTA($K$2:$AO$2)-4,IF(OR(AF$4="Mon",AF$4="Tue"),$E$1,$D$1))) -> ON | AG34: =IF($A34="","",IF(COUNTA($K$2:$AO$2)-4,IF(OR(AG$4="Mon",AG$4="Tue"),$E$1,$D$1))) -> ON | AH34: =IF($A34="","",IF(COUNTA($K$2:$AO$2)-4,IF(OR(AH$4<>"Mon",AH$4<>"Tue"),IF(AND($G34="A",$H34="A",$J34="WK "&_xlfn.ISOWEEKNUM($AF$2)),$D$1,$E$1)))) -> ON | AI34: =IF($A34="","",IF(COUNTA($K$2:$AO$2)-4,IF(OR(AI$4<>"Mon",AI$4<>"Tue"),IF(AND($G34="B",$H34="B",$J34="WK "&_xlfn.ISOWEEKNUM($AF$2)),$D$1,$E$1)))) -> ON | AJ34: =IF($A34="","",IF(COUNTA($K$2:$AO$2)-4,IF(OR(AJ$4<>"Mon",AJ$4<>"Tue"),IF(AND($G34="C",$H34="C",$J34="WK "&_xlfn.ISOWEEKNUM($AF$2)),$D$1,$E$1)))) -> OFF | AK34: =IF($A34="","",IF(COUNTA($K$2:$AO$2)-4,IF(OR(AK$4<>"Mon",AK$4<>"Tue"),IF(AND($G34="D",$H34="D",$J34="WK "&_xlfn.ISOWEEKNUM($AF$2)),$D$1,$E$1)))) -> ON | AM34: =IF(COUNTA($K$2:$AO$2)-4,IF(OR(AM$4="Mon",AM$4="Tue"),$E$1,$D$1)) -> ON | AN34: =IF(COUNTA($K$2:$AO$2)-4,IF(OR(AN$4="Mon",AN$4="Tue"),$E$1,$D$1)) -> ON | AO34: =IF(COUNTA($K$2:$AO$2)-4,IF(OR(AO$4="Mon",AO$4="Tue",AO$4="Wed"),$E$1,$D$1)) -> ON
A35: =CHOOSE(RANDBETWEEN(1,5),"Lagos","Ogun","Ondo","Oyo","Ekiti") -> Ekiti | B35: =CHOOSE(RANDBETWEEN(1,5),"A","B","C","D","E") -> D | C35: =CHOOSE(RANDBETWEEN(1,5),"A1","B1","C1","D1","E1") -> C1 | D35: Mini Bus | E35: =COUNTIF(K35:AO35, "ON") -> 25 | F35: =COUNTIF(K35:AO35, "OFF") -> 2 | G35: B | H35: B | I35: =IF($A35="","",IF(COUNTA($K$2:$P$2)=6,"WK "&_xlfn.ISOWEEKNUM($K$2))) -> WK 18 | J35: =IF($A35="","",IF(COUNTA($Y$2:$AD$2)=6,"WK "&_xlfn.ISOWEEKNUM($Y$2))) -> WK 20 | K35: =IF($A35="","",IF(COUNTA($K$2:$AO$2)-4,IF(OR(K$4="Mon",K$4="Tue"),$E$1,$D$1))) -> ON | L35: =IF($A35="","",IF(COUNTA($K$2:$AO$2)-4,IF(OR(L$4="Mon",L$4="Tue"),$E$1,$D$1))) -> ON | M35: =IF($A35="","",IF(COUNTA($K$2:$AO$2)-4,IF(OR(M$4<>"Mon",M$4<>"Tue"),IF(AND($G35="A",$H35="A",$I35="WK "&_xlfn.ISOWEEKNUM($K$2)),$D$1,$E$1)))) -> ON | N35: =IF($A35="","",IF(COUNTA($K$2:$AO$2)-4,IF(OR(N$4<>"Mon",N$4<>"Tue"),IF(AND($G35="B",$H35="B",$I35="WK "&_xlfn.ISOWEEKNUM($K$2)),$D$1,$E$1)))) -> OFF | O35: =IF($A35="","",IF(COUNTA($K$2:$AO$2)-4,IF(OR(O$4<>"Mon",O$4<>"Tue"),IF(AND($G35="C",$H35="C",$I35="WK "&_xlfn.ISOWEEKNUM($K$2)),$D$1,$E$1)))) -> ON | P35: =IF($A35="","",IF(COUNTA($K$2:$AO$2)-4,IF(OR(P$4<>"Mon",P$4<>"Tue"),IF(AND($G35="D",$H35="D",$I35="WK "&_xlfn.ISOWEEKNUM($K$2)),$D$1,$E$1)))) -> ON | R35: =IF($A35="","",IF(COUNTA($K$2:$AO$2)-4,IF(OR(R$4="Mon",R$4="Tue"),$E$1,$D$1))) -> ON | S35: =IF($A35="","",IF(COUNTA($K$2:$AO$2)-4,IF(OR(S$4="Mon",S$4="Tue"),$E$1,$D$1))) -> ON | T35: =IF($A35="","",IF(COUNTA($K$2:$AO$2)-4,IF(OR(T$4<>"Mon",T$4<>"Tue"),IF(AND($G35="A",$H35="A",$I35="WK "&_xlfn.ISOWEEKNUM($R$2)),$D$1,$E$1)))) -> ON | U35: =IF($A35="","",IF(COUNTA($K$2:$AO$2)-4,IF(OR(U$4<>"Mon",U$4<>"Tue"),IF(AND($G35="B",$H35="B",$I35="WK "&_xlfn.ISOWEEKNUM($R$2)),$D$1,$E$1)))) -> ON | V35: =IF($A35="","",IF(COUNTA($K$2:$AO$2)-4,IF(OR(V$4<>"Mon",V$4<>"Tue"),IF(AND($G35="C",$H35="C",$I35="WK "&_xlfn.ISOWEEKNUM($R$2)),$D$1,$E$1)))) -> ON | W35: =IF($A35="","",IF(COUNTA($K$2:$AO$2)-4,IF(OR(W$4<>"Mon",W$4<>"Tue"),IF(AND($G35="D",$H35="D",$I35="WK "&_xlfn.ISOWEEKNUM($R$2)),$D$1,$E$1)))) -> ON | Y35: =IF($A35="","",IF(COUNTA($K$2:$AO$2)-4,IF(OR(Y$4="Mon",Y$4="Tue"),$E$1,$D$1))) -> ON | Z35: =IF($A35="","",IF(COUNTA($K$2:$AO$2)-4,IF(OR(Z$4="Mon",Z$4="Tue"),$E$1,$D$1))) -> ON | AA35: =IF($A35="","",IF(COUNTA($K$2:$AO$2)-4,IF(OR(AA$4<>"Mon",AA$4<>"Tue"),IF(AND($G35="A",$H35="A",$J35="WK "&_xlfn.ISOWEEKNUM($Y$2)),$D$1,$E$1)))) -> ON | AB35: =IF($A35="","",IF(COUNTA($K$2:$AO$2)-4,IF(OR(AB$4<>"Mon",AB$4<>"Tue"),IF(AND($G35="B",$H35="B",$J35="WK "&_xlfn.ISOWEEKNUM($Y$2)),$D$1,$E$1)))) -> OFF | AC35: =IF($A35="","",IF(COUNTA($K$2:$AO$2)-4,IF(OR(AC$4<>"Mon",AC$4<>"Tue"),IF(AND($G35="C",$H35="C",$J35="WK "&_xlfn.ISOWEEKNUM($Y$2)),$D$1,$E$1)))) -> ON | AD35: =IF($A35="","",IF(COUNTA($K$2:$AO$2)-4,IF(OR(AD$4<>"Mon",AD$4<>"Tue"),IF(AND($G35="D",$H35="D",$J35="WK "&_xlfn.ISOWEEKNUM($Y$2)),$D$1,$E$1)))) -> ON | AF35: =IF($A35="","",IF(COUNTA($K$2:$AO$2)-4,IF(OR(AF$4="Mon",AF$4="Tue"),$E$1,$D$1))) -> ON | AG35: =IF($A35="","",IF(COUNTA($K$2:$AO$2)-4,IF(OR(AG$4="Mon",AG$4="Tue"),$E$1,$D$1))) -> ON | AH35: =IF($A35="","",IF(COUNTA($K$2:$AO$2)-4,IF(OR(AH$4<>"Mon",AH$4<>"Tue"),IF(AND($G35="A",$H35="A",$J35="WK "&_xlfn.ISOWEEKNUM($AF$2)),$D$1,$E$1)))) -> ON | AI35: =IF($A35="","",IF(COUNTA($K$2:$AO$2)-4,IF(OR(AI$4<>"Mon",AI$4<>"Tue"),IF(AND($G35="B",$H35="B",$J35="WK "&_xlfn.ISOWEEKNUM($AF$2)),$D$1,$E$1)))) -> ON | AJ35: =IF($A35="","",IF(COUNTA($K$2:$AO$2)-4,IF(OR(AJ$4<>"Mon",AJ$4<>"Tue"),IF(AND($G35="C",$H35="C",$J35="WK "&_xlfn.ISOWEEKNUM($AF$2)),$D$1,$E$1)))) -> ON | AK35: =IF($A35="","",IF(COUNTA($K$2:$AO$2)-4,IF(OR(AK$4<>"Mon",AK$4<>"Tue"),IF(AND($G35="D",$H35="D",$J35="WK "&_xlfn.ISOWEEKNUM($AF$2)),$D$1,$E$1)))) -> ON | AM35: =IF(COUNTA($K$2:$AO$2)-4,IF(OR(AM$4="Mon",AM$4="Tue"),$E$1,$D$1)) -> ON | AN35: =IF(COUNTA($K$2:$AO$2)-4,IF(OR(AN$4="Mon",AN$4="Tue"),$E$1,$D$1)) -> ON | AO35: =IF(COUNTA($K$2:$AO$2)-4,IF(OR(AO$4="Mon",AO$4="Tue",AO$4="Wed"),$E$1,$D$1)) -> ON
A36: =CHOOSE(RANDBETWEEN(1,5),"Lagos","Ogun","Ondo","Oyo","Ekiti") -> Ogun | B36: =CHOOSE(RANDBETWEEN(1,5),"A","B","C","D","E") -> B | C36: =CHOOSE(RANDBETWEEN(1,5),"A1","B1","C1","D1","E1") -> E1 | D36: Mini Truck | E36: =COUNTIF(K36:AO36, "ON") -> 25 | F36: =COUNTIF(K36:AO36, "OFF") -> 2 | G36: A | H36: A | I36: =IF($A36="","",IF(COUNTA($R$2:$W$2)=6,"WK "&_xlfn.ISOWEEKNUM($R$2))) -> WK 19 | J36: =IF($A36="","",IF(COUNTA($AF$2:$AK$2)=6,"WK "&_xlfn.ISOWEEKNUM($AF$2))) -> WK 21 | K36: =IF($A36="","",IF(COUNTA($K$2:$AO$2)-4,IF(OR(K$4="Mon",K$4="Tue"),$E$1,$D$1))) -> ON | L36: =IF($A36="","",IF(COUNTA($K$2:$AO$2)-4,IF(OR(L$4="Mon",L$4="Tue"),$E$1,$D$1))) -> ON | M36: =IF($A36="","",IF(COUNTA($K$2:$AO$2)-4,IF(OR(M$4<>"Mon",M$4<>"Tue"),IF(AND($G36="A",$H36="A",$I36="WK "&_xlfn.ISOWEEKNUM($K$2)),$D$1,$E$1)))) -> ON | N36: =IF($A36="","",IF(COUNTA($K$2:$AO$2)-4,IF(OR(N$4<>"Mon",N$4<>"Tue"),IF(AND($G36="B",$H36="B",$I36="WK "&_xlfn.ISOWEEKNUM($K$2)),$D$1,$E$1)))) -> ON | O36: =IF($A36="","",IF(COUNTA($K$2:$AO$2)-4,IF(OR(O$4<>"Mon",O$4<>"Tue"),IF(AND($G36="C",$H36="C",$I36="WK "&_xlfn.ISOWEEKNUM($K$2)),$D$1,$E$1)))) -> ON | P36: =IF($A36="","",IF(COUNTA($K$2:$AO$2)-4,IF(OR(P$4<>"Mon",P$4<>"Tue"),IF(AND($G36="D",$H36="D",$I36="WK "&_xlfn.ISOWEEKNUM($K$2)),$D$1,$E$1)))) -> ON | R36: =IF($A36="","",IF(COUNTA($K$2:$AO$2)-4,IF(OR(R$4="Mon",R$4="Tue"),$E$1,$D$1))) -> ON | S36: =IF($A36="","",IF(COUNTA($K$2:$AO$2)-4,IF(OR(S$4="Mon",S$4="Tue"),$E$1,$D$1))) -> ON | T36: =IF($A36="","",IF(COUNTA($K$2:$AO$2)-4,IF(OR(T$4<>"Mon",T$4<>"Tue"),IF(AND($G36="A",$H36="A",$I36="WK "&_xlfn.ISOWEEKNUM($R$2)),$D$1,$E$1)))) -> OFF | U36: =IF($A36="","",IF(COUNTA($K$2:$AO$2)-4,IF(OR(U$4<>"Mon",U$4<>"Tue"),IF(AND($G36="B",$H36="B",$I36="WK "&_xlfn.ISOWEEKNUM($R$2)),$D$1,$E$1)))) -> ON | V36: =IF($A36="","",IF(COUNTA($K$2:$AO$2)-4,IF(OR(V$4<>"Mon",V$4<>"Tue"),IF(AND($G36="C",$H36="C",$I36="WK "&_xlfn.ISOWEEKNUM($R$2)),$D$1,$E$1)))) -> ON | W36: =IF($A36="","",IF(COUNTA($K$2:$AO$2)-4,IF(OR(W$4<>"Mon",W$4<>"Tue"),IF(AND($G36="D",$H36="D",$I36="WK "&_xlfn.ISOWEEKNUM($R$2)),$D$1,$E$1)))) -> ON | Y36: =IF($A36="","",IF(COUNTA($K$2:$AO$2)-4,IF(OR(Y$4="Mon",Y$4="Tue"),$E$1,$D$1))) -> ON | Z36: =IF($A36="","",IF(COUNTA($K$2:$AO$2)-4,IF(OR(Z$4="Mon",Z$4="Tue"),$E$1,$D$1))) -> ON | AA36: =IF($A36="","",IF(COUNTA($K$2:$AO$2)-4,IF(OR(AA$4<>"Mon",AA$4<>"Tue"),IF(AND($G36="A",$H36="A",$J36="WK "&_xlfn.ISOWEEKNUM($Y$2)),$D$1,$E$1)))) -> ON | AB36: =IF($A36="","",IF(COUNTA($K$2:$AO$2)-4,IF(OR(AB$4<>"Mon",AB$4<>"Tue"),IF(AND($G36="B",$H36="B",$J36="WK "&_xlfn.ISOWEEKNUM($Y$2)),$D$1,$E$1)))) -> ON | AC36: =IF($A36="","",IF(COUNTA($K$2:$AO$2)-4,IF(OR(AC$4<>"Mon",AC$4<>"Tue"),IF(AND($G36="C",$H36="C",$J36="WK "&_xlfn.ISOWEEKNUM($Y$2)),$D$1,$E$1)))) -> ON | AD36: =IF($A36="","",IF(COUNTA($K$2:$AO$2)-4,IF(OR(AD$4<>"Mon",AD$4<>"Tue"),IF(AND($G36="D",$H36="D",$J36="WK "&_xlfn.ISOWEEKNUM($Y$2)),$D$1,$E$1)))) -> ON | AF36: =IF($A36="","",IF(COUNTA($K$2:$AO$2)-4,IF(OR(AF$4="Mon",AF$4="Tue"),$E$1,$D$1))) -> ON | AG36: =IF($A36="","",IF(COUNTA($K$2:$AO$2)-4,IF(OR(AG$4="Mon",AG$4="Tue"),$E$1,$D$1))) -> ON | AH36: =IF($A36="","",IF(COUNTA($K$2:$AO$2)-4,IF(OR(AH$4<>"Mon",AH$4<>"Tue"),IF(AND($G36="A",$H36="A",$J36="WK "&_xlfn.ISOWEEKNUM($AF$2)),$D$1,$E$1)))) -> OFF | AI36: =IF($A36="","",IF(COUNTA($K$2:$AO$2)-4,IF(OR(AI$4<>"Mon",AI$4<>"Tue"),IF(AND($G36="B",$H36="B",$J36="WK "&_xlfn.ISOWEEKNUM($AF$2)),$D$1,$E$1)))) -> ON | AJ36: =IF($A36="","",IF(COUNTA($K$2:$AO$2)-4,IF(OR(AJ$4<>"Mon",AJ$4<>"Tue"),IF(AND($G36="C",$H36="C",$J36="WK "&_xlfn.ISOWEEKNUM($AF$2)),$D$1,$E$1)))) -> ON | AK36: =IF($A36="","",IF(COUNTA($K$2:$AO$2)-4,IF(OR(AK$4<>"Mon",AK$4<>"Tue"),IF(AND($G36="D",$H36="D",$J36="WK "&_xlfn.ISOWEEKNUM($AF$2)),$D$1,$E$1)))) -> ON | AM36: =IF(COUNTA($K$2:$AO$2)-4,IF(OR(AM$4="Mon",AM$4="Tue"),$E$1,$D$1)) -> ON | AN36: =IF(COUNTA($K$2:$AO$2)-4,IF(OR(AN$4="Mon",AN$4="Tue"),$E$1,$D$1)) -> ON | AO36: =IF(COUNTA($K$2:$AO$2)-4,IF(OR(AO$4="Mon",AO$4="Tue",AO$4="Wed"),$E$1,$D$1)) -> ON
A37: =CHOOSE(RANDBETWEEN(1,5),"Lagos","Ogun","Ondo","Oyo","Ekiti") -> Oyo | B37: =CHOOSE(RANDBETWEEN(1,5),"A","B","C","D","E") -> E | C37: =CHOOSE(RANDBETWEEN(1,5),"A1","B1","C1","D1","E1") -> E1 | D37: Mini Truck | E37: =COUNTIF(K37:AO37, "ON") -> 25 | F37: =COUNTIF(K37:AO37, "OFF") -> 2 | G37: {=Groups!$B$2:$B$5} -> A | H37: {=Groups!$B$2:$B$5} -> A | I37: =IF($A37="","",IF(COUNTA($K$2:$P$2)=6,"WK "&_xlfn.ISOWEEKNUM($K$2))) -> WK 18 | J37: =IF($A37="","",IF(COUNTA($Y$2:$AD$2)=6,"WK "&_xlfn.ISOWEEKNUM($Y$2))) -> WK 20 | K37: =IF($A37="","",IF(COUNTA($K$2:$AO$2)-4,IF(OR(K$4="Mon",K$4="Tue"),$E$1,$D$1))) -> ON | L37: =IF($A37="","",IF(COUNTA($K$2:$AO$2)-4,IF(OR(L$4="Mon",L$4="Tue"),$E$1,$D$1))) -> ON | M37: =IF($A37="","",IF(COUNTA($K$2:$AO$2)-4,IF(OR(M$4<>"Mon",M$4<>"Tue"),IF(AND($G37="A",$H37="A",$I37="WK "&_xlfn.ISOWEEKNUM($K$2)),$D$1,$E$1)))) -> OFF | N37: =IF($A37="","",IF(COUNTA($K$2:$AO$2)-4,IF(OR(N$4<>"Mon",N$4<>"Tue"),IF(AND($G37="B",$H37="B",$I37="WK "&_xlfn.ISOWEEKNUM($K$2)),$D$1,$E$1)))) -> ON | O37: =IF($A37="","",IF(COUNTA($K$2:$AO$2)-4,IF(OR(O$4<>"Mon",O$4<>"Tue"),IF(AND($G37="C",$H37="C",$I37="WK "&_xlfn.ISOWEEKNUM($K$2)),$D$1,$E$1)))) -> ON | P37: =IF($A37="","",IF(COUNTA($K$2:$AO$2)-4,IF(OR(P$4<>"Mon",P$4<>"Tue"),IF(AND($G37="D",$H37="D",$I37="WK "&_xlfn.ISOWEEKNUM($K$2)),$D$1,$E$1)))) -> ON | R37: =IF($A37="","",IF(COUNTA($K$2:$AO$2)-4,IF(OR(R$4="Mon",R$4="Tue"),$E$1,$D$1))) -> ON | S37: =IF($A37="","",IF(COUNTA($K$2:$AO$2)-4,IF(OR(S$4="Mon",S$4="Tue"),$E$1,$D$1))) -> ON | T37: =IF($A37="","",IF(COUNTA($K$2:$AO$2)-4,IF(OR(T$4<>"Mon",T$4<>"Tue"),IF(AND($G37="A",$H37="A",$I37="WK "&_xlfn.ISOWEEKNUM($R$2)),$D$1,$E$1)))) -> ON | U37: =IF($A37="","",IF(COUNTA($K$2:$AO$2)-4,IF(OR(U$4<>"Mon",U$4<>"Tue"),IF(AND($G37="B",$H37="B",$I37="WK "&_xlfn.ISOWEEKNUM($R$2)),$D$1,$E$1)))) -> ON | V37: =IF($A37="","",IF(COUNTA($K$2:$AO$2)-4,IF(OR(V$4<>"Mon",V$4<>"Tue"),IF(AND($G37="C",$H37="C",$I37="WK "&_xlfn.ISOWEEKNUM($R$2)),$D$1,$E$1)))) -> ON | W37: =IF($A37="","",IF(COUNTA($K$2:$AO$2)-4,IF(OR(W$4<>"Mon",W$4<>"Tue"),IF(AND($G37="D",$H37="D",$I37="WK "&_xlfn.ISOWEEKNUM($R$2)),$D$1,$E$1)))) -> ON | Y37: =IF($A37="","",IF(COUNTA($K$2:$AO$2)-4,IF(OR(Y$4="Mon",Y$4="Tue"),$E$1,$D$1))) -> ON | Z37: =IF($A37="","",IF(COUNTA($K$2:$AO$2)-4,IF(OR(Z$4="Mon",Z$4="Tue"),$E$1,$D$1))) -> ON | AA37: =IF($A37="","",IF(COUNTA($K$2:$AO$2)-4,IF(OR(AA$4<>"Mon",AA$4<>"Tue"),IF(AND($G37="A",$H37="A",$J37="WK "&_xlfn.ISOWEEKNUM($Y$2)),$D$1,$E$1)))) -> OFF | AB37: =IF($A37="","",IF(COUNTA($K$2:$AO$2)-4,IF(OR(AB$4<>"Mon",AB$4<>"Tue"),IF(AND($G37="B",$H37="B",$J37="WK "&_xlfn.ISOWEEKNUM($Y$2)),$D$1,$E$1)))) -> ON | AC37: =IF($A37="","",IF(COUNTA($K$2:$AO$2)-4,IF(OR(AC$4<>"Mon",AC$4<>"Tue"),IF(AND($G37="C",$H37="C",$J37="WK "&_xlfn.ISOWEEKNUM($Y$2)),$D$1,$E$1)))) -> ON | AD37: =IF($A37="","",IF(COUNTA($K$2:$AO$2)-4,IF(OR(AD$4<>"Mon",AD$4<>"Tue"),IF(AND($G37="D",$H37="D",$J37="WK "&_xlfn.ISOWEEKNUM($Y$2)),$D$1,$E$1)))) -> ON | AF37: =IF($A37="","",IF(COUNTA($K$2:$AO$2)-4,IF(OR(AF$4="Mon",AF$4="Tue"),$E$1,$D$1))) -> ON | AG37: =IF($A37="","",IF(COUNTA($K$2:$AO$2)-4,IF(OR(AG$4="Mon",AG$4="Tue"),$E$1,$D$1))) -> ON | AH37: =IF($A37="","",IF(COUNTA($K$2:$AO$2)-4,IF(OR(AH$4<>"Mon",AH$4<>"Tue"),IF(AND($G37="A",$H37="A",$J37="WK "&_xlfn.ISOWEEKNUM($AF$2)),$D$1,$E$1)))) -> ON | AI37: =IF($A37="","",IF(COUNTA($K$2:$AO$2)-4,IF(OR(AI$4<>"Mon",AI$4<>"Tue"),IF(AND($G37="B",$H37="B",$J37="WK "&_xlfn.ISOWEEKNUM($AF$2)),$D$1,$E$1)))) -> ON | AJ37: =IF($A37="","",IF(COUNTA($K$2:$AO$2)-4,IF(OR(AJ$4<>"Mon",AJ$4<>"Tue"),IF(AND($G37="C",$H37="C",$J37="WK "&_xlfn.ISOWEEKNUM($AF$2)),$D$1,$E$1)))) -> ON | AK37: =IF($A37="","",IF(COUNTA($K$2:$AO$2)-4,IF(OR(AK$4<>"Mon",AK$4<>"Tue"),IF(AND($G37="D",$H37="D",$J37="WK "&_xlfn.ISOWEEKNUM($AF$2)),$D$1,$E$1)))) -> ON | AM37: =IF(COUNTA($K$2:$AO$2)-4,IF(OR(AM$4="Mon",AM$4="Tue"),$E$1,$D$1)) -> ON | AN37: =IF(COUNTA($K$2:$AO$2)-4,IF(OR(AN$4="Mon",AN$4="Tue"),$E$1,$D$1)) -> ON | AO37: =IF(COUNTA($K$2:$AO$2)-4,IF(OR(AO$4="Mon",AO$4="Tue",AO$4="Wed"),$E$1,$D$1)) -> ON
A38: =CHOOSE(RANDBETWEEN(1,5),"Lagos","Ogun","Ondo","Oyo","Ekiti") -> Oyo | B38: =CHOOSE(RANDBETWEEN(1,5),"A","B","C","D","E") -> E | C38: =CHOOSE(RANDBETWEEN(1,5),"A1","B1","C1","D1","E1") -> C1 | D38: Mini Truck | E38: =COUNTIF(K38:AO38, "ON") -> 25 | F38: =COUNTIF(K38:AO38, "OFF") -> 2 | G38: B | H38: B | I38: =IF($A38="","",IF(COUNTA($R$2:$W$2)=6,"WK "&_xlfn.ISOWEEKNUM($R$2))) -> WK 19 | J38: =IF($A38="","",IF(COUNTA($AF$2:$AK$2)=6,"WK "&_xlfn.ISOWEEKNUM($AF$2))) -> WK 21 | K38: =IF($A38="","",IF(COUNTA($K$2:$AO$2)-4,IF(OR(K$4="Mon",K$4="Tue"),$E$1,$D$1))) -> ON | L38: =IF($A38="","",IF(COUNTA($K$2:$AO$2)-4,IF(OR(L$4="Mon",L$4="Tue"),$E$1,$D$1))) -> ON | M38: =IF($A38="","",IF(COUNTA($K$2:$AO$2)-4,IF(OR(M$4<>"Mon",M$4<>"Tue"),IF(AND($G38="A",$H38="A",$I38="WK "&_xlfn.ISOWEEKNUM($K$2)),$D$1,$E$1)))) -> ON | N38: =IF($A38="","",IF(COUNTA($K$2:$AO$2)-4,IF(OR(N$4<>"Mon",N$4<>"Tue"),IF(AND($G38="B",$H38="B",$I38="WK "&_xlfn.ISOWEEKNUM($K$2)),$D$1,$E$1)))) -> ON | O38: =IF($A38="","",IF(COUNTA($K$2:$AO$2)-4,IF(OR(O$4<>"Mon",O$4<>"Tue"),IF(AND($G38="C",$H38="C",$I38="WK "&_xlfn.ISOWEEKNUM($K$2)),$D$1,$E$1)))) -> ON | P38: =IF($A38="","",IF(COUNTA($K$2:$AO$2)-4,IF(OR(P$4<>"Mon",P$4<>"Tue"),IF(AND($G38="D",$H38="D",$I38="WK "&_xlfn.ISOWEEKNUM($K$2)),$D$1,$E$1)))) -> ON | R38: =IF($A38="","",IF(COUNTA($K$2:$AO$2)-4,IF(OR(R$4="Mon",R$4="Tue"),$E$1,$D$1))) -> ON | S38: =IF($A38="","",IF(COUNTA($K$2:$AO$2)-4,IF(OR(S$4="Mon",S$4="Tue"),$E$1,$D$1))) -> ON | T38: =IF($A38="","",IF(COUNTA($K$2:$AO$2)-4,IF(OR(T$4<>"Mon",T$4<>"Tue"),IF(AND($G38="A",$H38="A",$I38="WK "&_xlfn.ISOWEEKNUM($R$2)),$D$1,$E$1)))) -> ON | U38: =IF($A38="","",IF(COUNTA($K$2:$AO$2)-4,IF(OR(U$4<>"Mon",U$4<>"Tue"),IF(AND($G38="B",$H38="B",$I38="WK "&_xlfn.ISOWEEKNUM($R$2)),$D$1,$E$1)))) -> OFF | V38: =IF($A38="","",IF(COUNTA($K$2:$AO$2)-4,IF(OR(V$4<>"Mon",V$4<>"Tue"),IF(AND($G38="C",$H38="C",$I38="WK "&_xlfn.ISOWEEKNUM($R$2)),$D$1,$E$1)))) -> ON | W38: =IF($A38="","",IF(COUNTA($K$2:$AO$2)-4,IF(OR(W$4<>"Mon",W$4<>"Tue"),IF(AND($G38="D",$H38="D",$I38="WK "&_xlfn.ISOWEEKNUM($R$2)),$D$1,$E$1)))) -> ON | Y38: =IF($A38="","",IF(COUNTA($K$2:$AO$2)-4,IF(OR(Y$4="Mon",Y$4="Tue"),$E$1,$D$1))) -> ON | Z38: =IF($A38="","",IF(COUNTA($K$2:$AO$2)-4,IF(OR(Z$4="Mon",Z$4="Tue"),$E$1,$D$1))) -> ON | AA38: =IF($A38="","",IF(COUNTA($K$2:$AO$2)-4,IF(OR(AA$4<>"Mon",AA$4<>"Tue"),IF(AND($G38="A",$H38="A",$J38="WK "&_xlfn.ISOWEEKNUM($Y$2)),$D$1,$E$1)))) -> ON | AB38: =IF($A38="","",IF(COUNTA($K$2:$AO$2)-4,IF(OR(AB$4<>"Mon",AB$4<>"Tue"),IF(AND($G38="B",$H38="B",$J38="WK "&_xlfn.ISOWEEKNUM($Y$2)),$D$1,$E$1)))) -> ON | AC38: =IF($A38="","",IF(COUNTA($K$2:$AO$2)-4,IF(OR(AC$4<>"Mon",AC$4<>"Tue"),IF(AND($G38="C",$H38="C",$J38="WK "&_xlfn.ISOWEEKNUM($Y$2)),$D$1,$E$1)))) -> ON | AD38: =IF($A38="","",IF(COUNTA($K$2:$AO$2)-4,IF(OR(AD$4<>"Mon",AD$4<>"Tue"),IF(AND($G38="D",$H38="D",$J38="WK "&_xlfn.ISOWEEKNUM($Y$2)),$D$1,$E$1)))) -> ON | AF38: =IF($A38="","",IF(COUNTA($K$2:$AO$2)-4,IF(OR(AF$4="Mon",AF$4="Tue"),$E$1,$D$1))) -> ON | AG38: =IF($A38="","",IF(COUNTA($K$2:$AO$2)-4,IF(OR(AG$4="Mon",AG$4="Tue"),$E$1,$D$1))) -> ON | AH38: =IF($A38="","",IF(COUNTA($K$2:$AO$2)-4,IF(OR(AH$4<>"Mon",AH$4<>"Tue"),IF(AND($G38="A",$H38="A",$J38="WK "&_xlfn.ISOWEEKNUM($AF$2)),$D$1,$E$1)))) -> ON | AI38: =IF($A38="","",IF(COUNTA($K$2:$AO$2)-4,IF(OR(AI$4<>"Mon",AI$4<>"Tue"),IF(AND($G38="B",$H38="B",$J38="WK "&_xlfn.ISOWEEKNUM($AF$2)),$D$1,$E$1)))) -> OFF | AJ38: =IF($A38="","",IF(COUNTA($K$2:$AO$2)-4,IF(OR(AJ$4<>"Mon",AJ$4<>"Tue"),IF(AND($G38="C",$H38="C",$J38="WK "&_xlfn.ISOWEEKNUM($AF$2)),$D$1,$E$1)))) -> ON | AK38: =IF($A38="","",IF(COUNTA($K$2:$AO$2)-4,IF(OR(AK$4<>"Mon",AK$4<>"Tue"),IF(AND($G38="D",$H38="D",$J38="WK "&_xlfn.ISOWEEKNUM($AF$2)),$D$1,$E$1)))) -> ON | AM38: =IF(COUNTA($K$2:$AO$2)-4,IF(OR(AM$4="Mon",AM$4="Tue"),$E$1,$D$1)) -> ON | AN38: =IF(COUNTA($K$2:$AO$2)-4,IF(OR(AN$4="Mon",AN$4="Tue"),$E$1,$D$1)) -> ON | AO38: =IF(COUNTA($K$2:$AO$2)-4,IF(OR(AO$4="Mon",AO$4="Tue",AO$4="Wed"),$E$1,$D$1)) -> ON
A39: =CHOOSE(RANDBETWEEN(1,5),"Lagos","Ogun","Ondo","Oyo","Ekiti") -> Ogun | B39: =CHOOSE(RANDBETWEEN(1,5),"A","B","C","D","E") -> A | C39: =CHOOSE(RANDBETWEEN(1,5),"A1","B1","C1","D1","E1") -> A1 | D39: Mini Truck | E39: =COUNTIF(K39:AO39, "ON") -> 25 | F39: =COUNTIF(K39:AO39, "OFF") -> 2 | G39: C | H39: C | I39: =IF($A39="","",IF(COUNTA($K$2:$P$2)=6,"WK "&_xlfn.ISOWEEKNUM($K$2))) -> WK 18 | J39: =IF($A39="","",IF(COUNTA($Y$2:$AD$2)=6,"WK "&_xlfn.ISOWEEKNUM($Y$2))) -> WK 20 | K39: =IF($A39="","",IF(COUNTA($K$2:$AO$2)-4,IF(OR(K$4="Mon",K$4="Tue"),$E$1,$D$1))) -> ON | L39: =IF($A39="","",IF(COUNTA($K$2:$AO$2)-4,IF(OR(L$4="Mon",L$4="Tue"),$E$1,$D$1))) -> ON | M39: =IF($A39="","",IF(COUNTA($K$2:$AO$2)-4,IF(OR(M$4<>"Mon",M$4<>"Tue"),IF(AND($G39="A",$H39="A",$I39="WK "&_xlfn.ISOWEEKNUM($K$2)),$D$1,$E$1)))) -> ON | N39: =IF($A39="","",IF(COUNTA($K$2:$AO$2)-4,IF(OR(N$4<>"Mon",N$4<>"Tue"),IF(AND($G39="B",$H39="B",$I39="WK "&_xlfn.ISOWEEKNUM($K$2)),$D$1,$E$1)))) -> ON | O39: =IF($A39="","",IF(COUNTA($K$2:$AO$2)-4,IF(OR(O$4<>"Mon",O$4<>"Tue"),IF(AND($G39="C",$H39="C",$I39="WK "&_xlfn.ISOWEEKNUM($K$2)),$D$1,$E$1)))) -> OFF | P39: =IF($A39="","",IF(COUNTA($K$2:$AO$2)-4,IF(OR(P$4<>"Mon",P$4<>"Tue"),IF(AND($G39="D",$H39="D",$I39="WK "&_xlfn.ISOWEEKNUM($K$2)),$D$1,$E$1)))) -> ON | R39: =IF($A39="","",IF(COUNTA($K$2:$AO$2)-4,IF(OR(R$4="Mon",R$4="Tue"),$E$1,$D$1))) -> ON | S39: =IF($A39="","",IF(COUNTA($K$2:$AO$2)-4,IF(OR(S$4="Mon",S$4="Tue"),$E$1,$D$1))) -> ON | T39: =IF($A39="","",IF(COUNTA($K$2:$AO$2)-4,IF(OR(T$4<>"Mon",T$4<>"Tue"),IF(AND($G39="A",$H39="A",$I39="WK "&_xlfn.ISOWEEKNUM($R$2)),$D$1,$E$1)))) -> ON | U39: =IF($A39="","",IF(COUNTA($K$2:$AO$2)-4,IF(OR(U$4<>"Mon",U$4<>"Tue"),IF(AND($G39="B",$H39="B",$I39="WK "&_xlfn.ISOWEEKNUM($R$2)),$D$1,$E$1)))) -> ON | V39: =IF($A39="","",IF(COUNTA($K$2:$AO$2)-4,IF(OR(V$4<>"Mon",V$4<>"Tue"),IF(AND($G39="C",$H39="C",$I39="WK "&_xlfn.ISOWEEKNUM($R$2)),$D$1,$E$1)))) -> ON | W39: =IF($A39="","",IF(COUNTA($K$2:$AO$2)-4,IF(OR(W$4<>"Mon",W$4<>"Tue"),IF(AND($G39="D",$H39="D",$I39="WK "&_xlfn.ISOWEEKNUM($R$2)),$D$1,$E$1)))) -> ON | Y39: =IF($A39="","",IF(COUNTA($K$2:$AO$2)-4,IF(OR(Y$4="Mon",Y$4="Tue"),$E$1,$D$1))) -> ON | Z39: =IF($A39="","",IF(COUNTA($K$2:$AO$2)-4,IF(OR(Z$4="Mon",Z$4="Tue"),$E$1,$D$1))) -> ON | AA39: =IF($A39="","",IF(COUNTA($K$2:$AO$2)-4,IF(OR(AA$4<>"Mon",AA$4<>"Tue"),IF(AND($G39="A",$H39="A",$J39="WK "&_xlfn.ISOWEEKNUM($Y$2)),$D$1,$E$1)))) -> ON | AB39: =IF($A39="","",IF(COUNTA($K$2:$AO$2)-4,IF(OR(AB$4<>"Mon",AB$4<>"Tue"),IF(AND($G39="B",$H39="B",$J39="WK "&_xlfn.ISOWEEKNUM($Y$2)),$D$1,$E$1)))) -> ON | AC39: =IF($A39="","",IF(COUNTA($K$2:$AO$2)-4,IF(OR(AC$4<>"Mon",AC$4<>"Tue"),IF(AND($G39="C",$H39="C",$J39="WK "&_xlfn.ISOWEEKNUM($Y$2)),$D$1,$E$1)))) -> OFF | AD39: =IF($A39="","",IF(COUNTA($K$2:$AO$2)-4,IF(OR(AD$4<>"Mon",AD$4<>"Tue"),IF(AND($G39="D",$H39="D",$J39="WK "&_xlfn.ISOWEEKNUM($Y$2)),$D$1,$E$1)))) -> ON | AF39: =IF($A39="","",IF(COUNTA($K$2:$AO$2)-4,IF(OR(AF$4="Mon",AF$4="Tue"),$E$1,$D$1))) -> ON | AG39: =IF($A39="","",IF(COUNTA($K$2:$AO$2)-4,IF(OR(AG$4="Mon",AG$4="Tue"),$E$1,$D$1))) -> ON | AH39: =IF($A39="","",IF(COUNTA($K$2:$AO$2)-4,IF(OR(AH$4<>"Mon",AH$4<>"Tue"),IF(AND($G39="A",$H39="A",$J39="WK "&_xlfn.ISOWEEKNUM($AF$2)),$D$1,$E$1)))) -> ON | AI39: =IF($A39="","",IF(COUNTA($K$2:$AO$2)-4,IF(OR(AI$4<>"Mon",AI$4<>"Tue"),IF(AND($G39="B",$H39="B",$J39="WK "&_xlfn.ISOWEEKNUM($AF$2)),$D$1,$E$1)))) -> ON | AJ39: =IF($A39="","",IF(COUNTA($K$2:$AO$2)-4,IF(OR(AJ$4<>"Mon",AJ$4<>"Tue"),IF(AND($G39="C",$H39="C",$J39="WK "&_xlfn.ISOWEEKNUM($AF$2)),$D$1,$E$1)))) -> ON | AK39: =IF($A39="","",IF(COUNTA($K$2:$AO$2)-4,IF(OR(AK$4<>"Mon",AK$4<>"Tue"),IF(AND($G39="D",$H39="D",$J39="WK "&_xlfn.ISOWEEKNUM($AF$2)),$D$1,$E$1)))) -> ON | AM39: =IF(COUNTA($K$2:$AO$2)-4,IF(OR(AM$4="Mon",AM$4="Tue"),$E$1,$D$1)) -> ON | AN39: =IF(COUNTA($K$2:$AO$2)-4,IF(OR(AN$4="Mon",AN$4="Tue"),$E$1,$D$1)) -> ON | AO39: =IF(COUNTA($K$2:$AO$2)-4,IF(OR(AO$4="Mon",AO$4="Tue",AO$4="Wed"),$E$1,$D$1)) -> ON
A40: =CHOOSE(RANDBETWEEN(1,5),"Lagos","Ogun","Ondo","Oyo","Ekiti") -> Ogun | B40: =CHOOSE(RANDBETWEEN(1,5),"A","B","C","D","E") -> A | C40: =CHOOSE(RANDBETWEEN(1,5),"A1","B1","C1","D1","E1") -> E1 | D40: Spare Driver | E40: =COUNTIF(K40:AO40, "ON") -> 25 | F40: =COUNTIF(K40:AO40, "OFF") -> 2 | G40: D | H40: D | I40: =IF($A40="","",IF(COUNTA($R$2:$W$2)=6,"WK "&_xlfn.ISOWEEKNUM($R$2))) -> WK 19 | J40: =IF($A40="","",IF(COUNTA($AF$2:$AK$2)=6,"WK "&_xlfn.ISOWEEKNUM($AF$2))) -> WK 21 | K40: =IF($A40="","",IF(COUNTA($K$2:$AO$2)-4,IF(OR(K$4="Mon",K$4="Tue"),$E$1,$D$1))) -> ON | L40: =IF($A40="","",IF(COUNTA($K$2:$AO$2)-4,IF(OR(L$4="Mon",L$4="Tue"),$E$1,$D$1))) -> ON | M40: =IF($A40="","",IF(COUNTA($K$2:$AO$2)-4,IF(OR(M$4<>"Mon",M$4<>"Tue"),IF(AND($G40="A",$H40="A",$I40="WK "&_xlfn.ISOWEEKNUM($K$2)),$D$1,$E$1)))) -> ON | N40: =IF($A40="","",IF(COUNTA($K$2:$AO$2)-4,IF(OR(N$4<>"Mon",N$4<>"Tue"),IF(AND($G40="B",$H40="B",$I40="WK "&_xlfn.ISOWEEKNUM($K$2)),$D$1,$E$1)))) -> ON | O40: =IF($A40="","",IF(COUNTA($K$2:$AO$2)-4,IF(OR(O$4<>"Mon",O$4<>"Tue"),IF(AND($G40="C",$H40="C",$I40="WK "&_xlfn.ISOWEEKNUM($K$2)),$D$1,$E$1)))) -> ON | P40: =IF($A40="","",IF(COUNTA($K$2:$AO$2)-4,IF(OR(P$4<>"Mon",P$4<>"Tue"),IF(AND($G40="D",$H40="D",$I40="WK "&_xlfn.ISOWEEKNUM($K$2)),$D$1,$E$1)))) -> ON | R40: =IF($A40="","",IF(COUNTA($K$2:$AO$2)-4,IF(OR(R$4="Mon",R$4="Tue"),$E$1,$D$1))) -> ON | S40: =IF($A40="","",IF(COUNTA($K$2:$AO$2)-4,IF(OR(S$4="Mon",S$4="Tue"),$E$1,$D$1))) -> ON | T40: =IF($A40="","",IF(COUNTA($K$2:$AO$2)-4,IF(OR(T$4<>"Mon",T$4<>"Tue"),IF(AND($G40="A",$H40="A",$I40="WK "&_xlfn.ISOWEEKNUM($R$2)),$D$1,$E$1)))) -> ON | U40: =IF($A40="","",IF(COUNTA($K$2:$AO$2)-4,IF(OR(U$4<>"Mon",U$4<>"Tue"),IF(AND($G40="B",$H40="B",$I40="WK "&_xlfn.ISOWEEKNUM($R$2)),$D$1,$E$1)))) -> ON | V40: =IF($A40="","",IF(COUNTA($K$2:$AO$2)-4,IF(OR(V$4<>"Mon",V$4<>"Tue"),IF(AND($G40="C",$H40="C",$I40="WK "&_xlfn.ISOWEEKNUM($R$2)),$D$1,$E$1)))) -> ON | W40: =IF($A40="","",IF(COUNTA($K$2:$AO$2)-4,IF(OR(W$4<>"Mon",W$4<>"Tue"),IF(AND($G40="D",$H40="D",$I40="WK "&_xlfn.ISOWEEKNUM($R$2)),$D$1,$E$1)))) -> OFF | Y40: =IF($A40="","",IF(COUNTA($K$2:$AO$2)-4,IF(OR(Y$4="Mon",Y$4="Tue"),$E$1,$D$1))) -> ON | Z40: =IF($A40="","",IF(COUNTA($K$2:$AO$2)-4,IF(OR(Z$4="Mon",Z$4="Tue"),$E$1,$D$1))) -> ON | AA40: =IF($A40="","",IF(COUNTA($K$2:$AO$2)-4,IF(OR(AA$4<>"Mon",AA$4<>"Tue"),IF(AND($G40="A",$H40="A",$J40="WK "&_xlfn.ISOWEEKNUM($Y$2)),$D$1,$E$1)))) -> ON | AB40: =IF($A40="","",IF(COUNTA($K$2:$AO$2)-4,IF(OR(AB$4<>"Mon",AB$4<>"Tue"),IF(AND($G40="B",$H40="B",$J40="WK "&_xlfn.ISOWEEKNUM($Y$2)),$D$1,$E$1)))) -> ON | AC40: =IF($A40="","",IF(COUNTA($K$2:$AO$2)-4,IF(OR(AC$4<>"Mon",AC$4<>"Tue"),IF(AND($G40="C",$H40="C",$J40="WK "&_xlfn.ISOWEEKNUM($Y$2)),$D$1,$E$1)))) -> ON | AD40: =IF($A40="","",IF(COUNTA($K$2:$AO$2)-4,IF(OR(AD$4<>"Mon",AD$4<>"Tue"),IF(AND($G40="D",$H40="D",$J40="WK "&_xlfn.ISOWEEKNUM($Y$2)),$D$1,$E$1)))) -> ON | AF40: =IF($A40="","",IF(COUNTA($K$2:$AO$2)-4,IF(OR(AF$4="Mon",AF$4="Tue"),$E$1,$D$1))) -> ON | AG40: =IF($A40="","",IF(COUNTA($K$2:$AO$2)-4,IF(OR(AG$4="Mon",AG$4="Tue"),$E$1,$D$1))) -> ON | AH40: =IF($A40="","",IF(COUNTA($K$2:$AO$2)-4,IF(OR(AH$4<>"Mon",AH$4<>"Tue"),IF(AND($G40="A",$H40="A",$J40="WK "&_xlfn.ISOWEEKNUM($AF$2)),$D$1,$E$1)))) -> ON | AI40: =IF($A40="","",IF(COUNTA($K$2:$AO$2)-4,IF(OR(AI$4<>"Mon",AI$4<>"Tue"),IF(AND($G40="B",$H40="B",$J40="WK "&_xlfn.ISOWEEKNUM($AF$2)),$D$1,$E$1)))) -> ON | AJ40: =IF($A40="","",IF(COUNTA($K$2:$AO$2)-4,IF(OR(AJ$4<>"Mon",AJ$4<>"Tue"),IF(AND($G40="C",$H40="C",$J40="WK "&_xlfn.ISOWEEKNUM($AF$2)),$D$1,$E$1)))) -> ON | AK40: =IF($A40="","",IF(COUNTA($K$2:$AO$2)-4,IF(OR(AK$4<>"Mon",AK$4<>"Tue"),IF(AND($G40="D",$H40="D",$J40="WK "&_xlfn.ISOWEEKNUM($AF$2)),$D$1,$E$1)))) -> OFF | AM40: =IF(COUNTA($K$2:$AO$2)-4,IF(OR(AM$4="Mon",AM$4="Tue"),$E$1,$D$1)) -> ON | AN40: =IF(COUNTA($K$2:$AO$2)-4,IF(OR(AN$4="Mon",AN$4="Tue"),$E$1,$D$1)) -> ON | AO40: =IF(COUNTA($K$2:$AO$2)-4,IF(OR(AO$4="Mon",AO$4="Tue",AO$4="Wed"),$E$1,$D$1)) -> ON
A41: =CHOOSE(RANDBETWEEN(1,5),"Lagos","Ogun","Ondo","Oyo","Ekiti") -> Ekiti | B41: =CHOOSE(RANDBETWEEN(1,5),"A","B","C","D","E") -> B | C41: =CHOOSE(RANDBETWEEN(1,5),"A1","B1","C1","D1","E1") -> D1 | D41: Van | E41: =COUNTIF(K41:AO41, "ON") -> 25 | F41: =COUNTIF(K41:AO41, "OFF") -> 2 | G41: {=IF($G$5:$G$8={"A";"B";"C";"D"},{"D";"C";"B";"A"},{"A";"B";"C";"D"})} -> D | H41: {=IF($H$5:$H$8={"A";"B";"C";"D"},{"D";"C";"B";"A"},{"A";"B";"C";"D"})} -> D | I41: =IF($A41="","",IF(COUNTA($K$2:$P$2)=6,"WK "&_xlfn.ISOWEEKNUM($K$2))) -> WK 18 | J41: =IF($A41="","",IF(COUNTA($Y$2:$AD$2)=6,"WK "&_xlfn.ISOWEEKNUM($Y$2))) -> WK 20 | K41: =IF($A41="","",IF(COUNTA($K$2:$AO$2)-4,IF(OR(K$4="Mon",K$4="Tue"),$E$1,$D$1))) -> ON | L41: =IF($A41="","",IF(COUNTA($K$2:$AO$2)-4,IF(OR(L$4="Mon",L$4="Tue"),$E$1,$D$1))) -> ON | M41: =IF($A41="","",IF(COUNTA($K$2:$AO$2)-4,IF(OR(M$4<>"Mon",M$4<>"Tue"),IF(AND($G41="A",$H41="A",$I41="WK "&_xlfn.ISOWEEKNUM($K$2)),$D$1,$E$1)))) -> ON | N41: =IF($A41="","",IF(COUNTA($K$2:$AO$2)-4,IF(OR(N$4<>"Mon",N$4<>"Tue"),IF(AND($G41="B",$H41="B",$I41="WK "&_xlfn.ISOWEEKNUM($K$2)),$D$1,$E$1)))) -> ON | O41: =IF($A41="","",IF(COUNTA($K$2:$AO$2)-4,IF(OR(O$4<>"Mon",O$4<>"Tue"),IF(AND($G41="C",$H41="C",$I41="WK "&_xlfn.ISOWEEKNUM($K$2)),$D$1,$E$1)))) -> ON | P41: =IF($A41="","",IF(COUNTA($K$2:$AO$2)-4,IF(OR(P$4<>"Mon",P$4<>"Tue"),IF(AND($G41="D",$H41="D",$I41="WK "&_xlfn.ISOWEEKNUM($K$2)),$D$1,$E$1)))) -> OFF | R41: =IF($A41="","",IF(COUNTA($K$2:$AO$2)-4,IF(OR(R$4="Mon",R$4="Tue"),$E$1,$D$1))) -> ON | S41: =IF($A41="","",IF(COUNTA($K$2:$AO$2)-4,IF(OR(S$4="Mon",S$4="Tue"),$E$1,$D$1))) -> ON | T41: =IF($A41="","",IF(COUNTA($K$2:$AO$2)-4,IF(OR(T$4<>"Mon",T$4<>"Tue"),IF(AND($G41="A",$H41="A",$I41="WK "&_xlfn.ISOWEEKNUM($R$2)),$D$1,$E$1)))) -> ON | U41: =IF($A41="","",IF(COUNTA($K$2:$AO$2)-4,IF(OR(U$4<>"Mon",U$4<>"Tue"),IF(AND($G41="B",$H41="B",$I41="WK "&_xlfn.ISOWEEKNUM($R$2)),$D$1,$E$1)))) -> ON | V41: =IF($A41="","",IF(COUNTA($K$2:$AO$2)-4,IF(OR(V$4<>"Mon",V$4<>"Tue"),IF(AND($G41="C",$H41="C",$I41="WK "&_xlfn.ISOWEEKNUM($R$2)),$D$1,$E$1)))) -> ON | W41: =IF($A41="","",IF(COUNTA($K$2:$AO$2)-4,IF(OR(W$4<>"Mon",W$4<>"Tue"),IF(AND($G41="D",$H41="D",$I41="WK "&_xlfn.ISOWEEKNUM($R$2)),$D$1,$E$1)))) -> ON | Y41: =IF($A41="","",IF(COUNTA($K$2:$AO$2)-4,IF(OR(Y$4="Mon",Y$4="Tue"),$E$1,$D$1))) -> ON | Z41: =IF($A41="","",IF(COUNTA($K$2:$AO$2)-4,IF(OR(Z$4="Mon",Z$4="Tue"),$E$1,$D$1))) -> ON | AA41: =IF($A41="","",IF(COUNTA($K$2:$AO$2)-4,IF(OR(AA$4<>"Mon",AA$4<>"Tue"),IF(AND($G41="A",$H41="A",$J41="WK "&_xlfn.ISOWEEKNUM($Y$2)),$D$1,$E$1)))) -> ON | AB41: =IF($A41="","",IF(COUNTA($K$2:$AO$2)-4,IF(OR(AB$4<>"Mon",AB$4<>"Tue"),IF(AND($G41="B",$H41="B",$J41="WK "&_xlfn.ISOWEEKNUM($Y$2)),$D$1,$E$1)))) -> ON | AC41: =IF($A41="","",IF(COUNTA($K$2:$AO$2)-4,IF(OR(AC$4<>"Mon",AC$4<>"Tue"),IF(AND($G41="C",$H41="C",$J41="WK "&_xlfn.ISOWEEKNUM($Y$2)),$D$1,$E$1)))) -> ON | AD41: =IF($A41="","",IF(COUNTA($K$2:$AO$2)-4,IF(OR(AD$4<>"Mon",AD$4<>"Tue"),IF(AND($G41="D",$H41="D",$J41="WK "&_xlfn.ISOWEEKNUM($Y$2)),$D$1,$E$1)))) -> OFF | AF41: =IF($A41="","",IF(COUNTA($K$2:$AO$2)-4,IF(OR(AF$4="Mon",AF$4="Tue"),$E$1,$D$1))) -> ON | AG41: =IF($A41="","",IF(COUNTA($K$2:$AO$2)-4,IF(OR(AG$4="Mon",AG$4="Tue"),$E$1,$D$1))) -> ON | AH41: =IF($A41="","",IF(COUNTA($K$2:$AO$2)-4,IF(OR(AH$4<>"Mon",AH$4<>"Tue"),IF(AND($G41="A",$H41="A",$J41="WK "&_xlfn.ISOWEEKNUM($AF$2)),$D$1,$E$1)))) -> ON | AI41: =IF($A41="","",IF(COUNTA($K$2:$AO$2)-4,IF(OR(AI$4<>"Mon",AI$4<>"Tue"),IF(AND($G41="B",$H41="B",$J41="WK "&_xlfn.ISOWEEKNUM($AF$2)),$D$1,$E$1)))) -> ON | AJ41: =IF($A41="","",IF(COUNTA($K$2:$AO$2)-4,IF(OR(AJ$4<>"Mon",AJ$4<>"Tue"),IF(AND($G41="C",$H41="C",$J41="WK "&_xlfn.ISOWEEKNUM($AF$2)),$D$1,$E$1)))) -> ON | AK41: =IF($A41="","",IF(COUNTA($K$2:$AO$2)-4,IF(OR(AK$4<>"Mon",AK$4<>"Tue"),IF(AND($G41="D",$H41="D",$J41="WK "&_xlfn.ISOWEEKNUM($AF$2)),$D$1,$E$1)))) -> ON | AM41: =IF(COUNTA($K$2:$AO$2)-4,IF(OR(AM$4="Mon",AM$4="Tue"),$E$1,$D$1)) -> ON | AN41: =IF(COUNTA($K$2:$AO$2)-4,IF(OR(AN$4="Mon",AN$4="Tue"),$E$1,$D$1)) -> ON | AO41: =IF(COUNTA($K$2:$AO$2)-4,IF(OR(AO$4="Mon",AO$4="Tue",AO$4="Wed"),$E$1,$D$1)) -> ON
A42: =CHOOSE(RANDBETWEEN(1,5),"Lagos","Ogun","Ondo","Oyo","Ekiti") -> Oyo | B42: =CHOOSE(RANDBETWEEN(1,5),"A","B","C","D","E") -> E | C42: =CHOOSE(RANDBETWEEN(1,5),"A1","B1","C1","D1","E1") -> A1 | D42: Van | E42: =COUNTIF(K42:AO42, "ON") -> 25 | F42: =COUNTIF(K42:AO42, "OFF") -> 2 | G42: C | H42: C | I42: =IF($A42="","",IF(COUNTA($R$2:$W$2)=6,"WK "&_xlfn.ISOWEEKNUM($R$2))) -> WK 19 | J42: =IF($A42="","",IF(COUNTA($AF$2:$AK$2)=6,"WK "&_xlfn.ISOWEEKNUM($AF$2))) -> WK 21 | K42: =IF($A42="","",IF(COUNTA($K$2:$AO$2)-4,IF(OR(K$4="Mon",K$4="Tue"),$E$1,$D$1))) -> ON | L42: =IF($A42="","",IF(COUNTA($K$2:$AO$2)-4,IF(OR(L$4="Mon",L$4="Tue"),$E$1,$D$1))) -> ON | M42: =IF($A42="","",IF(COUNTA($K$2:$AO$2)-4,IF(OR(M$4<>"Mon",M$4<>"Tue"),IF(AND($G42="A",$H42="A",$I42="WK "&_xlfn.ISOWEEKNUM($K$2)),$D$1,$E$1)))) -> ON | N42: =IF($A42="","",IF(COUNTA($K$2:$AO$2)-4,IF(OR(N$4<>"Mon",N$4<>"Tue"),IF(AND($G42="B",$H42="B",$I42="WK "&_xlfn.ISOWEEKNUM($K$2)),$D$1,$E$1)))) -> ON | O42: =IF($A42="","",IF(COUNTA($K$2:$AO$2)-4,IF(OR(O$4<>"Mon",O$4<>"Tue"),IF(AND($G42="C",$H42="C",$I42="WK "&_xlfn.ISOWEEKNUM($K$2)),$D$1,$E$1)))) -> ON | P42: =IF($A42="","",IF(COUNTA($K$2:$AO$2)-4,IF(OR(P$4<>"Mon",P$4<>"Tue"),IF(AND($G42="D",$H42="D",$I42="WK "&_xlfn.ISOWEEKNUM($K$2)),$D$1,$E$1)))) -> ON | R42: =IF($A42="","",IF(COUNTA($K$2:$AO$2)-4,IF(OR(R$4="Mon",R$4="Tue"),$E$1,$D$1))) -> ON | S42: =IF($A42="","",IF(COUNTA($K$2:$AO$2)-4,IF(OR(S$4="Mon",S$4="Tue"),$E$1,$D$1))) -> ON | T42: =IF($A42="","",IF(COUNTA($K$2:$AO$2)-4,IF(OR(T$4<>"Mon",T$4<>"Tue"),IF(AND($G42="A",$H42="A",$I42="WK "&_xlfn.ISOWEEKNUM($R$2)),$D$1,$E$1)))) -> ON | U42: =IF($A42="","",IF(COUNTA($K$2:$AO$2)-4,IF(OR(U$4<>"Mon",U$4<>"Tue"),IF(AND($G42="B",$H42="B",$I42="WK "&_xlfn.ISOWEEKNUM($R$2)),$D$1,$E$1)))) -> ON | V42: =IF($A42="","",IF(COUNTA($K$2:$AO$2)-4,IF(OR(V$4<>"Mon",V$4<>"Tue"),IF(AND($G42="C",$H42="C",$I42="WK "&_xlfn.ISOWEEKNUM($R$2)),$D$1,$E$1)))) -> OFF | W42: =IF($A42="","",IF(COUNTA($K$2:$AO$2)-4,IF(OR(W$4<>"Mon",W$4<>"Tue"),IF(AND($G42="D",$H42="D",$I42="WK "&_xlfn.ISOWEEKNUM($R$2)),$D$1,$E$1)))) -> ON | Y42: =IF($A42="","",IF(COUNTA($K$2:$AO$2)-4,IF(OR(Y$4="Mon",Y$4="Tue"),$E$1,$D$1))) -> ON | Z42: =IF($A42="","",IF(COUNTA($K$2:$AO$2)-4,IF(OR(Z$4="Mon",Z$4="Tue"),$E$1,$D$1))) -> ON | AA42: =IF($A42="","",IF(COUNTA($K$2:$AO$2)-4,IF(OR(AA$4<>"Mon",AA$4<>"Tue"),IF(AND($G42="A",$H42="A",$J42="WK "&_xlfn.ISOWEEKNUM($Y$2)),$D$1,$E$1)))) -> ON | AB42: =IF($A42="","",IF(COUNTA($K$2:$AO$2)-4,IF(OR(AB$4<>"Mon",AB$4<>"Tue"),IF(AND($G42="B",$H42="B",$J42="WK "&_xlfn.ISOWEEKNUM($Y$2)),$D$1,$E$1)))) -> ON | AC42: =IF($A42="","",IF(COUNTA($K$2:$AO$2)-4,IF(OR(AC$4<>"Mon",AC$4<>"Tue"),IF(AND($G42="C",$H42="C",$J42="WK "&_xlfn.ISOWEEKNUM($Y$2)),$D$1,$E$1)))) -> ON | AD42: =IF($A42="","",IF(COUNTA($K$2:$AO$2)-4,IF(OR(AD$4<>"Mon",AD$4<>"Tue"),IF(AND($G42="D",$H42="D",$J42="WK "&_xlfn.ISOWEEKNUM($Y$2)),$D$1,$E$1)))) -> ON | AF42: =IF($A42="","",IF(COUNTA($K$2:$AO$2)-4,IF(OR(AF$4="Mon",AF$4="Tue"),$E$1,$D$1))) -> ON | AG42: =IF($A42="","",IF(COUNTA($K$2:$AO$2)-4,IF(OR(AG$4="Mon",AG$4="Tue"),$E$1,$D$1))) -> ON | AH42: =IF($A42="","",IF(COUNTA($K$2:$AO$2)-4,IF(OR(AH$4<>"Mon",AH$4<>"Tue"),IF(AND($G42="A",$H42="A",$J42="WK "&_xlfn.ISOWEEKNUM($AF$2)),$D$1,$E$1)))) -> ON | AI42: =IF($A42="","",IF(COUNTA($K$2:$AO$2)-4,IF(OR(AI$4<>"Mon",AI$4<>"Tue"),IF(AND($G42="B",$H42="B",$J42="WK "&_xlfn.ISOWEEKNUM($AF$2)),$D$1,$E$1)))) -> ON | AJ42: =IF($A42="","",IF(COUNTA($K$2:$AO$2)-4,IF(OR(AJ$4<>"Mon",AJ$4<>"Tue"),IF(AND($G42="C",$H42="C",$J42="WK "&_xlfn.ISOWEEKNUM($AF$2)),$D$1,$E$1)))) -> OFF | AK42: =IF($A42="","",IF(COUNTA($K$2:$AO$2)-4,IF(OR(AK$4<>"Mon",AK$4<>"Tue"),IF(AND($G42="D",$H42="D",$J42="WK "&_xlfn.ISOWEEKNUM($AF$2)),$D$1,$E$1)))) -> ON | AM42: =IF(COUNTA($K$2:$AO$2)-4,IF(OR(AM$4="Mon",AM$4="Tue"),$E$1,$D$1)) -> ON | AN42: =IF(COUNTA($K$2:$AO$2)-4,IF(OR(AN$4="Mon",AN$4="Tue"),$E$1,$D$1)) -> ON | AO42: =IF(COUNTA($K$2:$AO$2)-4,IF(OR(AO$4="Mon",AO$4="Tue",AO$4="Wed"),$E$1,$D$1)) -> ON
A43: =CHOOSE(RANDBETWEEN(1,5),"Lagos","Ogun","Ondo","Oyo","Ekiti") -> Lagos | B43: =CHOOSE(RANDBETWEEN(1,5),"A","B","C","D","E") -> D | C43: =CHOOSE(RANDBETWEEN(1,5),"A1","B1","C1","D1","E1") -> D1 | D43: Van | E43: =COUNTIF(K43:AO43, "ON") -> 25 | F43: =COUNTIF(K43:AO43, "OFF") -> 2 | G43: B | H43: B | I43: =IF($A43="","",IF(COUNTA($K$2:$P$2)=6,"WK "&_xlfn.ISOWEEKNUM($K$2))) -> WK 18 | J43: =IF($A43="","",IF(COUNTA($Y$2:$AD$2)=6,"WK "&_xlfn.ISOWEEKNUM($Y$2))) -> WK 20 | K43: =IF($A43="","",IF(COUNTA($K$2:$AO$2)-4,IF(OR(K$4="Mon",K$4="Tue"),$E$1,$D$1))) -> ON | L43: =IF($A43="","",IF(COUNTA($K$2:$AO$2)-4,IF(OR(L$4="Mon",L$4="Tue"),$E$1,$D$1))) -> ON | M43: =IF($A43="","",IF(COUNTA($K$2:$AO$2)-4,IF(OR(M$4<>"Mon",M$4<>"Tue"),IF(AND($G43="A",$H43="A",$I43="WK "&_xlfn.ISOWEEKNUM($K$2)),$D$1,$E$1)))) -> ON | N43: =IF($A43="","",IF(COUNTA($K$2:$AO$2)-4,IF(OR(N$4<>"Mon",N$4<>"Tue"),IF(AND($G43="B",$H43="B",$I43="WK "&_xlfn.ISOWEEKNUM($K$2)),$D$1,$E$1)))) -> OFF | O43: =IF($A43="","",IF(COUNTA($K$2:$AO$2)-4,IF(OR(O$4<>"Mon",O$4<>"Tue"),IF(AND($G43="C",$H43="C",$I43="WK "&_xlfn.ISOWEEKNUM($K$2)),$D$1,$E$1)))) -> ON | P43: =IF($A43="","",IF(COUNTA($K$2:$AO$2)-4,IF(OR(P$4<>"Mon",P$4<>"Tue"),IF(AND($G43="D",$H43="D",$I43="WK "&_xlfn.ISOWEEKNUM($K$2)),$D$1,$E$1)))) -> ON | R43: =IF($A43="","",IF(COUNTA($K$2:$AO$2)-4,IF(OR(R$4="Mon",R$4="Tue"),$E$1,$D$1))) -> ON | S43: =IF($A43="","",IF(COUNTA($K$2:$AO$2)-4,IF(OR(S$4="Mon",S$4="Tue"),$E$1,$D$1))) -> ON | T43: =IF($A43="","",IF(COUNTA($K$2:$AO$2)-4,IF(OR(T$4<>"Mon",T$4<>"Tue"),IF(AND($G43="A",$H43="A",$I43="WK "&_xlfn.ISOWEEKNUM($R$2)),$D$1,$E$1)))) -> ON | U43: =IF($A43="","",IF(COUNTA($K$2:$AO$2)-4,IF(OR(U$4<>"Mon",U$4<>"Tue"),IF(AND($G43="B",$H43="B",$I43="WK "&_xlfn.ISOWEEKNUM($R$2)),$D$1,$E$1)))) -> ON | V43: =IF($A43="","",IF(COUNTA($K$2:$AO$2)-4,IF(OR(V$4<>"Mon",V$4<>"Tue"),IF(AND($G43="C",$H43="C",$I43="WK "&_xlfn.ISOWEEKNUM($R$2)),$D$1,$E$1)))) -> ON | W43: =IF($A43="","",IF(COUNTA($K$2:$AO$2)-4,IF(OR(W$4<>"Mon",W$4<>"Tue"),IF(AND($G43="D",$H43="D",$I43="WK "&_xlfn.ISOWEEKNUM($R$2)),$D$1,$E$1)))) -> ON | Y43: =IF($A43="","",IF(COUNTA($K$2:$AO$2)-4,IF(OR(Y$4="Mon",Y$4="Tue"),$E$1,$D$1))) -> ON | Z43: =IF($A43="","",IF(COUNTA($K$2:$AO$2)-4,IF(OR(Z$4="Mon",Z$4="Tue"),$E$1,$D$1))) -> ON | AA43: =IF($A43="","",IF(COUNTA($K$2:$AO$2)-4,IF(OR(AA$4<>"Mon",AA$4<>"Tue"),IF(AND($G43="A",$H43="A",$J43="WK "&_xlfn.ISOWEEKNUM($Y$2)),$D$1,$E$1)))) -> ON | AB43: =IF($A43="","",IF(COUNTA($K$2:$AO$2)-4,IF(OR(AB$4<>"Mon",AB$4<>"Tue"),IF(AND($G43="B",$H43="B",$J43="WK "&_xlfn.ISOWEEKNUM($Y$2)),$D$1,$E$1)))) -> OFF | AC43: =IF($A43="","",IF(COUNTA($K$2:$AO$2)-4,IF(OR(AC$4<>"Mon",AC$4<>"Tue"),IF(AND($G43="C",$H43="C",$J43="WK "&_xlfn.ISOWEEKNUM($Y$2)),$D$1,$E$1)))) -> ON | AD43: =IF($A43="","",IF(COUNTA($K$2:$AO$2)-4,IF(OR(AD$4<>"Mon",AD$4<>"Tue"),IF(AND($G43="D",$H43="D",$J43="WK "&_xlfn.ISOWEEKNUM($Y$2)),$D$1,$E$1)))) -> ON | AF43: =IF($A43="","",IF(COUNTA($K$2:$AO$2)-4,IF(OR(AF$4="Mon",AF$4="Tue"),$E$1,$D$1))) -> ON | AG43: =IF($A43="","",IF(COUNTA($K$2:$AO$2)-4,IF(OR(AG$4="Mon",AG$4="Tue"),$E$1,$D$1))) -> ON | AH43: =IF($A43="","",IF(COUNTA($K$2:$AO$2)-4,IF(OR(AH$4<>"Mon",AH$4<>"Tue"),IF(AND($G43="A",$H43="A",$J43="WK "&_xlfn.ISOWEEKNUM($AF$2)),$D$1,$E$1)))) -> ON | AI43: =IF($A43="","",IF(COUNTA($K$2:$AO$2)-4,IF(OR(AI$4<>"Mon",AI$4<>"Tue"),IF(AND($G43="B",$H43="B",$J43="WK "&_xlfn.ISOWEEKNUM($AF$2)),$D$1,$E$1)))) -> ON | AJ43: =IF($A43="","",IF(COUNTA($K$2:$AO$2)-4,IF(OR(AJ$4<>"Mon",AJ$4<>"Tue"),IF(AND($G43="C",$H43="C",$J43="WK "&_xlfn.ISOWEEKNUM($AF$2)),$D$1,$E$1)))) -> ON | AK43: =IF($A43="","",IF(COUNTA($K$2:$AO$2)-4,IF(OR(AK$4<>"Mon",AK$4<>"Tue"),IF(AND($G43="D",$H43="D",$J43="WK "&_xlfn.ISOWEEKNUM($AF$2)),$D$1,$E$1)))) -> ON | AM43: =IF(COUNTA($K$2:$AO$2)-4,IF(OR(AM$4="Mon",AM$4="Tue"),$E$1,$D$1)) -> ON | AN43: =IF(COUNTA($K$2:$AO$2)-4,IF(OR(AN$4="Mon",AN$4="Tue"),$E$1,$D$1)) -> ON | AO43: =IF(COUNTA($K$2:$AO$2)-4,IF(OR(AO$4="Mon",AO$4="Tue",AO$4="Wed"),$E$1,$D$1)) -> ON
A44: =CHOOSE(RANDBETWEEN(1,5),"Lagos","Ogun","Ondo","Oyo","Ekiti") -> Oyo | B44: =CHOOSE(RANDBETWEEN(1,5),"A","B","C","D","E") -> B | C44: =CHOOSE(RANDBETWEEN(1,5),"A1","B1","C1","D1","E1") -> D1 | D44: Van | E44: =COUNTIF(K44:AO44, "ON") -> 25 | F44: =COUNTIF(K44:AO44, "OFF") -> 2 | G44: A | H44: A | I44: =IF($A44="","",IF(COUNTA($R$2:$W$2)=6,"WK "&_xlfn.ISOWEEKNUM($R$2))) -> WK 19 | J44: =IF($A44="","",IF(COUNTA($AF$2:$AK$2)=6,"WK "&_xlfn.ISOWEEKNUM($AF$2))) -> WK 21 | K44: =IF($A44="","",IF(COUNTA($K$2:$AO$2)-4,IF(OR(K$4="Mon",K$4="Tue"),$E$1,$D$1))) -> ON | L44: =IF($A44="","",IF(COUNTA($K$2:$AO$2)-4,IF(OR(L$4="Mon",L$4="Tue"),$E$1,$D$1))) -> ON | M44: =IF($A44="","",IF(COUNTA($K$2:$AO$2)-4,IF(OR(M$4<>"Mon",M$4<>"Tue"),IF(AND($G44="A",$H44="A",$I44="WK "&_xlfn.ISOWEEKNUM($K$2)),$D$1,$E$1)))) -> ON | N44: =IF($A44="","",IF(COUNTA($K$2:$AO$2)-4,IF(OR(N$4<>"Mon",N$4<>"Tue"),IF(AND($G44="B",$H44="B",$I44="WK "&_xlfn.ISOWEEKNUM($K$2)),$D$1,$E$1)))) -> ON | O44: =IF($A44="","",IF(COUNTA($K$2:$AO$2)-4,IF(OR(O$4<>"Mon",O$4<>"Tue"),IF(AND($G44="C",$H44="C",$I44="WK "&_xlfn.ISOWEEKNUM($K$2)),$D$1,$E$1)))) -> ON | P44: =IF($A44="","",IF(COUNTA($K$2:$AO$2)-4,IF(OR(P$4<>"Mon",P$4<>"Tue"),IF(AND($G44="D",$H44="D",$I44="WK "&_xlfn.ISOWEEKNUM($K$2)),$D$1,$E$1)))) -> ON | R44: =IF($A44="","",IF(COUNTA($K$2:$AO$2)-4,IF(OR(R$4="Mon",R$4="Tue"),$E$1,$D$1))) -> ON | S44: =IF($A44="","",IF(COUNTA($K$2:$AO$2)-4,IF(OR(S$4="Mon",S$4="Tue"),$E$1,$D$1))) -> ON | T44: =IF($A44="","",IF(COUNTA($K$2:$AO$2)-4,IF(OR(T$4<>"Mon",T$4<>"Tue"),IF(AND($G44="A",$H44="A",$I44="WK "&_xlfn.ISOWEEKNUM($R$2)),$D$1,$E$1)))) -> OFF | U44: =IF($A44="","",IF(COUNTA($K$2:$AO$2)-4,IF(OR(U$4<>"Mon",U$4<>"Tue"),IF(AND($G44="B",$H44="B",$I44="WK "&_xlfn.ISOWEEKNUM($R$2)),$D$1,$E$1)))) -> ON | V44: =IF($A44="","",IF(COUNTA($K$2:$AO$2)-4,IF(OR(V$4<>"Mon",V$4<>"Tue"),IF(AND($G44="C",$H44="C",$I44="WK "&_xlfn.ISOWEEKNUM($R$2)),$D$1,$E$1)))) -> ON | W44: =IF($A44="","",IF(COUNTA($K$2:$AO$2)-4,IF(OR(W$4<>"Mon",W$4<>"Tue"),IF(AND($G44="D",$H44="D",$I44="WK "&_xlfn.ISOWEEKNUM($R$2)),$D$1,$E$1)))) -> ON | Y44: =IF($A44="","",IF(COUNTA($K$2:$AO$2)-4,IF(OR(Y$4="Mon",Y$4="Tue"),$E$1,$D$1))) -> ON | Z44: =IF($A44="","",IF(COUNTA($K$2:$AO$2)-4,IF(OR(Z$4="Mon",Z$4="Tue"),$E$1,$D$1))) -> ON | AA44: =IF($A44="","",IF(COUNTA($K$2:$AO$2)-4,IF(OR(AA$4<>"Mon",AA$4<>"Tue"),IF(AND($G44="A",$H44="A",$J44="WK "&_xlfn.ISOWEEKNUM($Y$2)),$D$1,$E$1)))) -> ON | AB44: =IF($A44="","",IF(COUNTA($K$2:$AO$2)-4,IF(OR(AB$4<>"Mon",AB$4<>"Tue"),IF(AND($G44="B",$H44="B",$J44="WK "&_xlfn.ISOWEEKNUM($Y$2)),$D$1,$E$1)))) -> ON | AC44: =IF($A44="","",IF(COUNTA($K$2:$AO$2)-4,IF(OR(AC$4<>"Mon",AC$4<>"Tue"),IF(AND($G44="C",$H44="C",$J44="WK "&_xlfn.ISOWEEKNUM($Y$2)),$D$1,$E$1)))) -> ON | AD44: =IF($A44="","",IF(COUNTA($K$2:$AO$2)-4,IF(OR(AD$4<>"Mon",AD$4<>"Tue"),IF(AND($G44="D",$H44="D",$J44="WK "&_xlfn.ISOWEEKNUM($Y$2)),$D$1,$E$1)))) -> ON | AF44: =IF($A44="","",IF(COUNTA($K$2:$AO$2)-4,IF(OR(AF$4="Mon",AF$4="Tue"),$E$1,$D$1))) -> ON | AG44: =IF($A44="","",IF(COUNTA($K$2:$AO$2)-4,IF(OR(AG$4="Mon",AG$4="Tue"),$E$1,$D$1))) -> ON | AH44: =IF($A44="","",IF(COUNTA($K$2:$AO$2)-4,IF(OR(AH$4<>"Mon",AH$4<>"Tue"),IF(AND($G44="A",$H44="A",$J44="WK "&_xlfn.ISOWEEKNUM($AF$2)),$D$1,$E$1)))) -> OFF | AI44: =IF($A44="","",IF(COUNTA($K$2:$AO$2)-4,IF(OR(AI$4<>"Mon",AI$4<>"Tue"),IF(AND($G44="B",$H44="B",$J44="WK "&_xlfn.ISOWEEKNUM($AF$2)),$D$1,$E$1)))) -> ON | AJ44: =IF($A44="","",IF(COUNTA($K$2:$AO$2)-4,IF(OR(AJ$4<>"Mon",AJ$4<>"Tue"),IF(AND($G44="C",$H44="C",$J44="WK "&_xlfn.ISOWEEKNUM($AF$2)),$D$1,$E$1)))) -> ON | AK44: =IF($A44="","",IF(COUNTA($K$2:$AO$2)-4,IF(OR(AK$4<>"Mon",AK$4<>"Tue"),IF(AND($G44="D",$H44="D",$J44="WK "&_xlfn.ISOWEEKNUM($AF$2)),$D$1,$E$1)))) -> ON | AM44: =IF(COUNTA($K$2:$AO$2)-4,IF(OR(AM$4="Mon",AM$4="Tue"),$E$1,$D$1)) -> ON | AN44: =IF(COUNTA($K$2:$AO$2)-4,IF(OR(AN$4="Mon",AN$4="Tue"),$E$1,$D$1)) -> ON | AO44: =IF(COUNTA($K$2:$AO$2)-4,IF(OR(AO$4="Mon",AO$4="Tue",AO$4="Wed"),$E$1,$D$1)) -> ON
A45: =CHOOSE(RANDBETWEEN(1,5),"Lagos","Ogun","Ondo","Oyo","Ekiti") -> Ogun | B45: =CHOOSE(RANDBETWEEN(1,5),"A","B","C","D","E") -> B | C45: =CHOOSE(RANDBETWEEN(1,5),"A1","B1","C1","D1","E1") -> E1 | D45: Mini Bus | E45: =COUNTIF(K45:AO45, "ON") -> 25 | F45: =COUNTIF(K45:AO45, "OFF") -> 2 | G45: {=Groups!$B$2:$B$5} -> A | H45: {=Groups!$B$2:$B$5} -> A | I45: =IF($A45="","",IF(COUNTA($K$2:$P$2)=6,"WK "&_xlfn.ISOWEEKNUM($K$2))) -> WK 18 | J45: =IF($A45="","",IF(COUNTA($Y$2:$AD$2)=6,"WK "&_xlfn.ISOWEEKNUM($Y$2))) -> WK 20 | K45: =IF($A45="","",IF(COUNTA($K$2:$AO$2)-4,IF(OR(K$4="Mon",K$4="Tue"),$E$1,$D$1))) -> ON | L45: =IF($A45="","",IF(COUNTA($K$2:$AO$2)-4,IF(OR(L$4="Mon",L$4="Tue"),$E$1,$D$1))) -> ON | M45: =IF($A45="","",IF(COUNTA($K$2:$AO$2)-4,IF(OR(M$4<>"Mon",M$4<>"Tue"),IF(AND($G45="A",$H45="A",$I45="WK "&_xlfn.ISOWEEKNUM($K$2)),$D$1,$E$1)))) -> OFF | N45: =IF($A45="","",IF(COUNTA($K$2:$AO$2)-4,IF(OR(N$4<>"Mon",N$4<>"Tue"),IF(AND($G45="B",$H45="B",$I45="WK "&_xlfn.ISOWEEKNUM($K$2)),$D$1,$E$1)))) -> ON | O45: =IF($A45="","",IF(COUNTA($K$2:$AO$2)-4,IF(OR(O$4<>"Mon",O$4<>"Tue"),IF(AND($G45="C",$H45="C",$I45="WK "&_xlfn.ISOWEEKNUM($K$2)),$D$1,$E$1)))) -> ON | P45: =IF($A45="","",IF(COUNTA($K$2:$AO$2)-4,IF(OR(P$4<>"Mon",P$4<>"Tue"),IF(AND($G45="D",$H45="D",$I45="WK "&_xlfn.ISOWEEKNUM($K$2)),$D$1,$E$1)))) -> ON | R45: =IF($A45="","",IF(COUNTA($K$2:$AO$2)-4,IF(OR(R$4="Mon",R$4="Tue"),$E$1,$D$1))) -> ON | S45: =IF($A45="","",IF(COUNTA($K$2:$AO$2)-4,IF(OR(S$4="Mon",S$4="Tue"),$E$1,$D$1))) -> ON | T45: =IF($A45="","",IF(COUNTA($K$2:$AO$2)-4,IF(OR(T$4<>"Mon",T$4<>"Tue"),IF(AND($G45="A",$H45="A",$I45="WK "&_xlfn.ISOWEEKNUM($R$2)),$D$1,$E$1)))) -> ON | U45: =IF($A45="","",IF(COUNTA($K$2:$AO$2)-4,IF(OR(U$4<>"Mon",U$4<>"Tue"),IF(AND($G45="B",$H45="B",$I45="WK "&_xlfn.ISOWEEKNUM($R$2)),$D$1,$E$1)))) -> ON | V45: =IF($A45="","",IF(COUNTA($K$2:$AO$2)-4,IF(OR(V$4<>"Mon",V$4<>"Tue"),IF(AND($G45="C",$H45="C",$I45="WK "&_xlfn.ISOWEEKNUM($R$2)),$D$1,$E$1)))) -> ON | W45: =IF($A45="","",IF(COUNTA($K$2:$AO$2)-4,IF(OR(W$4<>"Mon",W$4<>"Tue"),IF(AND($G45="D",$H45="D",$I45="WK "&_xlfn.ISOWEEKNUM($R$2)),$D$1,$E$1)))) -> ON | Y45: =IF($A45="","",IF(COUNTA($K$2:$AO$2)-4,IF(OR(Y$4="Mon",Y$4="Tue"),$E$1,$D$1))) -> ON | Z45: =IF($A45="","",IF(COUNTA($K$2:$AO$2)-4,IF(OR(Z$4="Mon",Z$4="Tue"),$E$1,$D$1))) -> ON | AA45: =IF($A45="","",IF(COUNTA($K$2:$AO$2)-4,IF(OR(AA$4<>"Mon",AA$4<>"Tue"),IF(AND($G45="A",$H45="A",$J45="WK "&_xlfn.ISOWEEKNUM($Y$2)),$D$1,$E$1)))) -> OFF | AB45: =IF($A45="","",IF(COUNTA($K$2:$AO$2)-4,IF(OR(AB$4<>"Mon",AB$4<>"Tue"),IF(AND($G45="B",$H45="B",$J45="WK "&_xlfn.ISOWEEKNUM($Y$2)),$D$1,$E$1)))) -> ON | AC45: =IF($A45="","",IF(COUNTA($K$2:$AO$2)-4,IF(OR(AC$4<>"Mon",AC$4<>"Tue"),IF(AND($G45="C",$H45="C",$J45="WK "&_xlfn.ISOWEEKNUM($Y$2)),$D$1,$E$1)))) -> ON | AD45: =IF($A45="","",IF(COUNTA($K$2:$AO$2)-4,IF(OR(AD$4<>"Mon",AD$4<>"Tue"),IF(AND($G45="D",$H45="D",$J45="WK "&_xlfn.ISOWEEKNUM($Y$2)),$D$1,$E$1)))) -> ON | AF45: =IF($A45="","",IF(COUNTA($K$2:$AO$2)-4,IF(OR(AF$4="Mon",AF$4="Tue"),$E$1,$D$1))) -> ON | AG45: =IF($A45="","",IF(COUNTA($K$2:$AO$2)-4,IF(OR(AG$4="Mon",AG$4="Tue"),$E$1,$D$1))) -> ON | AH45: =IF($A45="","",IF(COUNTA($K$2:$AO$2)-4,IF(OR(AH$4<>"Mon",AH$4<>"Tue"),IF(AND($G45="A",$H45="A",$J45="WK "&_xlfn.ISOWEEKNUM($AF$2)),$D$1,$E$1)))) -> ON | AI45: =IF($A45="","",IF(COUNTA($K$2:$AO$2)-4,IF(OR(AI$4<>"Mon",AI$4<>"Tue"),IF(AND($G45="B",$H45="B",$J45="WK "&_xlfn.ISOWEEKNUM($AF$2)),$D$1,$E$1)))) -> ON | AJ45: =IF($A45="","",IF(COUNTA($K$2:$AO$2)-4,IF(OR(AJ$4<>"Mon",AJ$4<>"Tue"),IF(AND($G45="C",$H45="C",$J45="WK "&_xlfn.ISOWEEKNUM($AF$2)),$D$1,$E$1)))) -> ON | AK45: =IF($A45="","",IF(COUNTA($K$2:$AO$2)-4,IF(OR(AK$4<>"Mon",AK$4<>"Tue"),IF(AND($G45="D",$H45="D",$J45="WK "&_xlfn.ISOWEEKNUM($AF$2)),$D$1,$E$1)))) -> ON | AM45: =IF(COUNTA($K$2:$AO$2)-4,IF(OR(AM$4="Mon",AM$4="Tue"),$E$1,$D$1)) -> ON | AN45: =IF(COUNTA($K$2:$AO$2)-4,IF(OR(AN$4="Mon",AN$4="Tue"),$E$1,$D$1)) -> ON | AO45: =IF(COUNTA($K$2:$AO$2)-4,IF(OR(AO$4="Mon",AO$4="Tue",AO$4="Wed"),$E$1,$D$1)) -> ON
A46: =CHOOSE(RANDBETWEEN(1,5),"Lagos","Ogun","Ondo","Oyo","Ekiti") -> Lagos | B46: =CHOOSE(RANDBETWEEN(1,5),"A","B","C","D","E") -> C | C46: =CHOOSE(RANDBETWEEN(1,5),"A1","B1","C1","D1","E1") -> E1 | D46: Mini Bus | E46: =COUNTIF(K46:AO46, "ON") -> 25 | F46: =COUNTIF(K46:AO46, "OFF") -> 2 | G46: B | H46: B | I46: =IF($A46="","",IF(COUNTA($R$2:$W$2)=6,"WK "&_xlfn.ISOWEEKNUM($R$2))) -> WK 19 | J46: =IF($A46="","",IF(COUNTA($AF$2:$AK$2)=6,"WK "&_xlfn.ISOWEEKNUM($AF$2))) -> WK 21 | K46: =IF($A46="","",IF(COUNTA($K$2:$AO$2)-4,IF(OR(K$4="Mon",K$4="Tue"),$E$1,$D$1))) -> ON | L46: =IF($A46="","",IF(COUNTA($K$2:$AO$2)-4,IF(OR(L$4="Mon",L$4="Tue"),$E$1,$D$1))) -> ON | M46: =IF($A46="","",IF(COUNTA($K$2:$AO$2)-4,IF(OR(M$4<>"Mon",M$4<>"Tue"),IF(AND($G46="A",$H46="A",$I46="WK "&_xlfn.ISOWEEKNUM($K$2)),$D$1,$E$1)))) -> ON | N46: =IF($A46="","",IF(COUNTA($K$2:$AO$2)-4,IF(OR(N$4<>"Mon",N$4<>"Tue"),IF(AND($G46="B",$H46="B",$I46="WK "&_xlfn.ISOWEEKNUM($K$2)),$D$1,$E$1)))) -> ON | O46: =IF($A46="","",IF(COUNTA($K$2:$AO$2)-4,IF(OR(O$4<>"Mon",O$4<>"Tue"),IF(AND($G46="C",$H46="C",$I46="WK "&_xlfn.ISOWEEKNUM($K$2)),$D$1,$E$1)))) -> ON | P46: =IF($A46="","",IF(COUNTA($K$2:$AO$2)-4,IF(OR(P$4<>"Mon",P$4<>"Tue"),IF(AND($G46="D",$H46="D",$I46="WK "&_xlfn.ISOWEEKNUM($K$2)),$D$1,$E$1)))) -> ON | R46: =IF($A46="","",IF(COUNTA($K$2:$AO$2)-4,IF(OR(R$4="Mon",R$4="Tue"),$E$1,$D$1))) -> ON | S46: =IF($A46="","",IF(COUNTA($K$2:$AO$2)-4,IF(OR(S$4="Mon",S$4="Tue"),$E$1,$D$1))) -> ON | T46: =IF($A46="","",IF(COUNTA($K$2:$AO$2)-4,IF(OR(T$4<>"Mon",T$4<>"Tue"),IF(AND($G46="A",$H46="A",$I46="WK "&_xlfn.ISOWEEKNUM($R$2)),$D$1,$E$1)))) -> ON | U46: =IF($A46="","",IF(COUNTA($K$2:$AO$2)-4,IF(OR(U$4<>"Mon",U$4<>"Tue"),IF(AND($G46="B",$H46="B",$I46="WK "&_xlfn.ISOWEEKNUM($R$2)),$D$1,$E$1)))) -> OFF | V46: =IF($A46="","",IF(COUNTA($K$2:$AO$2)-4,IF(OR(V$4<>"Mon",V$4<>"Tue"),IF(AND($G46="C",$H46="C",$I46="WK "&_xlfn.ISOWEEKNUM($R$2)),$D$1,$E$1)))) -> ON | W46: =IF($A46="","",IF(COUNTA($K$2:$AO$2)-4,IF(OR(W$4<>"Mon",W$4<>"Tue"),IF(AND($G46="D",$H46="D",$I46="WK "&_xlfn.ISOWEEKNUM($R$2)),$D$1,$E$1)))) -> ON | Y46: =IF($A46="","",IF(COUNTA($K$2:$AO$2)-4,IF(OR(Y$4="Mon",Y$4="Tue"),$E$1,$D$1))) -> ON | Z46: =IF($A46="","",IF(COUNTA($K$2:$AO$2)-4,IF(OR(Z$4="Mon",Z$4="Tue"),$E$1,$D$1))) -> ON | AA46: =IF($A46="","",IF(COUNTA($K$2:$AO$2)-4,IF(OR(AA$4<>"Mon",AA$4<>"Tue"),IF(AND($G46="A",$H46="A",$J46="WK "&_xlfn.ISOWEEKNUM($Y$2)),$D$1,$E$1)))) -> ON | AB46: =IF($A46="","",IF(COUNTA($K$2:$AO$2)-4,IF(OR(AB$4<>"Mon",AB$4<>"Tue"),IF(AND($G46="B",$H46="B",$J46="WK "&_xlfn.ISOWEEKNUM($Y$2)),$D$1,$E$1)))) -> ON | AC46: =IF($A46="","",IF(COUNTA($K$2:$AO$2)-4,IF(OR(AC$4<>"Mon",AC$4<>"Tue"),IF(AND($G46="C",$H46="C",$J46="WK "&_xlfn.ISOWEEKNUM($Y$2)),$D$1,$E$1)))) -> ON | AD46: =IF($A46="","",IF(COUNTA($K$2:$AO$2)-4,IF(OR(AD$4<>"Mon",AD$4<>"Tue"),IF(AND($G46="D",$H46="D",$J46="WK "&_xlfn.ISOWEEKNUM($Y$2)),$D$1,$E$1)))) -> ON | AF46: =IF($A46="","",IF(COUNTA($K$2:$AO$2)-4,IF(OR(AF$4="Mon",AF$4="Tue"),$E$1,$D$1))) -> ON | AG46: =IF($A46="","",IF(COUNTA($K$2:$AO$2)-4,IF(OR(AG$4="Mon",AG$4="Tue"),$E$1,$D$1))) -> ON | AH46: =IF($A46="","",IF(COUNTA($K$2:$AO$2)-4,IF(OR(AH$4<>"Mon",AH$4<>"Tue"),IF(AND($G46="A",$H46="A",$J46="WK "&_xlfn.ISOWEEKNUM($AF$2)),$D$1,$E$1)))) -> ON | AI46: =IF($A46="","",IF(COUNTA($K$2:$AO$2)-4,IF(OR(AI$4<>"Mon",AI$4<>"Tue"),IF(AND($G46="B",$H46="B",$J46="WK "&_xlfn.ISOWEEKNUM($AF$2)),$D$1,$E$1)))) -> OFF | AJ46: =IF($A46="","",IF(COUNTA($K$2:$AO$2)-4,IF(OR(AJ$4<>"Mon",AJ$4<>"Tue"),IF(AND($G46="C",$H46="C",$J46="WK "&_xlfn.ISOWEEKNUM($AF$2)),$D$1,$E$1)))) -> ON | AK46: =IF($A46="","",IF(COUNTA($K$2:$AO$2)-4,IF(OR(AK$4<>"Mon",AK$4<>"Tue"),IF(AND($G46="D",$H46="D",$J46="WK "&_xlfn.ISOWEEKNUM($AF$2)),$D$1,$E$1)))) -> ON | AM46: =IF(COUNTA($K$2:$AO$2)-4,IF(OR(AM$4="Mon",AM$4="Tue"),$E$1,$D$1)) -> ON | AN46: =IF(COUNTA($K$2:$AO$2)-4,IF(OR(AN$4="Mon",AN$4="Tue"),$E$1,$D$1)) -> ON | AO46: =IF(COUNTA($K$2:$AO$2)-4,IF(OR(AO$4="Mon",AO$4="Tue",AO$4="Wed"),$E$1,$D$1)) -> ON
A47: =CHOOSE(RANDBETWEEN(1,5),"Lagos","Ogun","Ondo","Oyo","Ekiti") -> Oyo | B47: =CHOOSE(RANDBETWEEN(1,5),"A","B","C","D","E") -> B | C47: =CHOOSE(RANDBETWEEN(1,5),"A1","B1","C1","D1","E1") -> D1 | D47: Mini Bus | E47: =COUNTIF(K47:AO47, "ON") -> 25 | F47: =COUNTIF(K47:AO47, "OFF") -> 2 | G47: C | H47: C | I47: =IF($A47="","",IF(COUNTA($K$2:$P$2)=6,"WK "&_xlfn.ISOWEEKNUM($K$2))) -> WK 18 | J47: =IF($A47="","",IF(COUNTA($Y$2:$AD$2)=6,"WK "&_xlfn.ISOWEEKNUM($Y$2))) -> WK 20 | K47: =IF($A47="","",IF(COUNTA($K$2:$AO$2)-4,IF(OR(K$4="Mon",K$4="Tue"),$E$1,$D$1))) -> ON | L47: =IF($A47="","",IF(COUNTA($K$2:$AO$2)-4,IF(OR(L$4="Mon",L$4="Tue"),$E$1,$D$1))) -> ON | M47: =IF($A47="","",IF(COUNTA($K$2:$AO$2)-4,IF(OR(M$4<>"Mon",M$4<>"Tue"),IF(AND($G47="A",$H47="A",$I47="WK "&_xlfn.ISOWEEKNUM($K$2)),$D$1,$E$1)))) -> ON | N47: =IF($A47="","",IF(COUNTA($K$2:$AO$2)-4,IF(OR(N$4<>"Mon",N$4<>"Tue"),IF(AND($G47="B",$H47="B",$I47="WK "&_xlfn.ISOWEEKNUM($K$2)),$D$1,$E$1)))) -> ON | O47: =IF($A47="","",IF(COUNTA($K$2:$AO$2)-4,IF(OR(O$4<>"Mon",O$4<>"Tue"),IF(AND($G47="C",$H47="C",$I47="WK "&_xlfn.ISOWEEKNUM($K$2)),$D$1,$E$1)))) -> OFF | P47: =IF($A47="","",IF(COUNTA($K$2:$AO$2)-4,IF(OR(P$4<>"Mon",P$4<>"Tue"),IF(AND($G47="D",$H47="D",$I47="WK "&_xlfn.ISOWEEKNUM($K$2)),$D$1,$E$1)))) -> ON | R47: =IF($A47="","",IF(COUNTA($K$2:$AO$2)-4,IF(OR(R$4="Mon",R$4="Tue"),$E$1,$D$1))) -> ON | S47: =IF($A47="","",IF(COUNTA($K$2:$AO$2)-4,IF(OR(S$4="Mon",S$4="Tue"),$E$1,$D$1))) -> ON | T47: =IF($A47="","",IF(COUNTA($K$2:$AO$2)-4,IF(OR(T$4<>"Mon",T$4<>"Tue"),IF(AND($G47="A",$H47="A",$I47="WK "&_xlfn.ISOWEEKNUM($R$2)),$D$1,$E$1)))) -> ON | U47: =IF($A47="","",IF(COUNTA($K$2:$AO$2)-4,IF(OR(U$4<>"Mon",U$4<>"Tue"),IF(AND($G47="B",$H47="B",$I47="WK "&_xlfn.ISOWEEKNUM($R$2)),$D$1,$E$1)))) -> ON | V47: =IF($A47="","",IF(COUNTA($K$2:$AO$2)-4,IF(OR(V$4<>"Mon",V$4<>"Tue"),IF(AND($G47="C",$H47="C",$I47="WK "&_xlfn.ISOWEEKNUM($R$2)),$D$1,$E$1)))) -> ON | W47: =IF($A47="","",IF(COUNTA($K$2:$AO$2)-4,IF(OR(W$4<>"Mon",W$4<>"Tue"),IF(AND($G47="D",$H47="D",$I47="WK "&_xlfn.ISOWEEKNUM($R$2)),$D$1,$E$1)))) -> ON | Y47: =IF($A47="","",IF(COUNTA($K$2:$AO$2)-4,IF(OR(Y$4="Mon",Y$4="Tue"),$E$1,$D$1))) -> ON | Z47: =IF($A47="","",IF(COUNTA($K$2:$AO$2)-4,IF(OR(Z$4="Mon",Z$4="Tue"),$E$1,$D$1))) -> ON | AA47: =IF($A47="","",IF(COUNTA($K$2:$AO$2)-4,IF(OR(AA$4<>"Mon",AA$4<>"Tue"),IF(AND($G47="A",$H47="A",$J47="WK "&_xlfn.ISOWEEKNUM($Y$2)),$D$1,$E$1)))) -> ON | AB47: =IF($A47="","",IF(COUNTA($K$2:$AO$2)-4,IF(OR(AB$4<>"Mon",AB$4<>"Tue"),IF(AND($G47="B",$H47="B",$J47="WK "&_xlfn.ISOWEEKNUM($Y$2)),$D$1,$E$1)))) -> ON | AC47: =IF($A47="","",IF(COUNTA($K$2:$AO$2)-4,IF(OR(AC$4<>"Mon",AC$4<>"Tue"),IF(AND($G47="C",$H47="C",$J47="WK "&_xlfn.ISOWEEKNUM($Y$2)),$D$1,$E$1)))) -> OFF | AD47: =IF($A47="","",IF(COUNTA($K$2:$AO$2)-4,IF(OR(AD$4<>"Mon",AD$4<>"Tue"),IF(AND($G47="D",$H47="D",$J47="WK "&_xlfn.ISOWEEKNUM($Y$2)),$D$1,$E$1)))) -> ON | AF47: =IF($A47="","",IF(COUNTA($K$2:$AO$2)-4,IF(OR(AF$4="Mon",AF$4="Tue"),$E$1,$D$1))) -> ON | AG47: =IF($A47="","",IF(COUNTA($K$2:$AO$2)-4,IF(OR(AG$4="Mon",AG$4="Tue"),$E$1,$D$1))) -> ON | AH47: =IF($A47="","",IF(COUNTA($K$2:$AO$2)-4,IF(OR(AH$4<>"Mon",AH$4<>"Tue"),IF(AND($G47="A",$H47="A",$J47="WK "&_xlfn.ISOWEEKNUM($AF$2)),$D$1,$E$1)))) -> ON | AI47: =IF($A47="","",IF(COUNTA($K$2:$AO$2)-4,IF(OR(AI$4<>"Mon",AI$4<>"Tue"),IF(AND($G47="B",$H47="B",$J47="WK "&_xlfn.ISOWEEKNUM($AF$2)),$D$1,$E$1)))) -> ON | AJ47: =IF($A47="","",IF(COUNTA($K$2:$AO$2)-4,IF(OR(AJ$4<>"Mon",AJ$4<>"Tue"),IF(AND($G47="C",$H47="C",$J47="WK "&_xlfn.ISOWEEKNUM($AF$2)),$D$1,$E$1)))) -> ON | AK47: =IF($A47="","",IF(COUNTA($K$2:$AO$2)-4,IF(OR(AK$4<>"Mon",AK$4<>"Tue"),IF(AND($G47="D",$H47="D",$J47="WK "&_xlfn.ISOWEEKNUM($AF$2)),$D$1,$E$1)))) -> ON | AM47: =IF(COUNTA($K$2:$AO$2)-4,IF(OR(AM$4="Mon",AM$4="Tue"),$E$1,$D$1)) -> ON | AN47: =IF(COUNTA($K$2:$AO$2)-4,IF(OR(AN$4="Mon",AN$4="Tue"),$E$1,$D$1)) -> ON | AO47: =IF(COUNTA($K$2:$AO$2)-4,IF(OR(AO$4="Mon",AO$4="Tue",AO$4="Wed"),$E$1,$D$1)) -> ON
A48: =CHOOSE(RANDBETWEEN(1,5),"Lagos","Ogun","Ondo","Oyo","Ekiti") -> Ekiti | B48: =CHOOSE(RANDBETWEEN(1,5),"A","B","C","D","E") -> E | C48: =CHOOSE(RANDBETWEEN(1,5),"A1","B1","C1","D1","E1") -> E1 | D48: Mini Bus | E48: =COUNTIF(K48:AO48, "ON") -> 25 | F48: =COUNTIF(K48:AO48, "OFF") -> 2 | G48: D | H48: D | I48: =IF($A48="","",IF(COUNTA($R$2:$W$2)=6,"WK "&_xlfn.ISOWEEKNUM($R$2))) -> WK 19 | J48: =IF($A48="","",IF(COUNTA($AF$2:$AK$2)=6,"WK "&_xlfn.ISOWEEKNUM($AF$2))) -> WK 21 | K48: =IF($A48="","",IF(COUNTA($K$2:$AO$2)-4,IF(OR(K$4="Mon",K$4="Tue"),$E$1,$D$1))) -> ON | L48: =IF($A48="","",IF(COUNTA($K$2:$AO$2)-4,IF(OR(L$4="Mon",L$4="Tue"),$E$1,$D$1))) -> ON | M48: =IF($A48="","",IF(COUNTA($K$2:$AO$2)-4,IF(OR(M$4<>"Mon",M$4<>"Tue"),IF(AND($G48="A",$H48="A",$I48="WK "&_xlfn.ISOWEEKNUM($K$2)),$D$1,$E$1)))) -> ON | N48: =IF($A48="","",IF(COUNTA($K$2:$AO$2)-4,IF(OR(N$4<>"Mon",N$4<>"Tue"),IF(AND($G48="B",$H48="B",$I48="WK "&_xlfn.ISOWEEKNUM($K$2)),$D$1,$E$1)))) -> ON | O48: =IF($A48="","",IF(COUNTA($K$2:$AO$2)-4,IF(OR(O$4<>"Mon",O$4<>"Tue"),IF(AND($G48="C",$H48="C",$I48="WK "&_xlfn.ISOWEEKNUM($K$2)),$D$1,$E$1)))) -> ON | P48: =IF($A48="","",IF(COUNTA($K$2:$AO$2)-4,IF(OR(P$4<>"Mon",P$4<>"Tue"),IF(AND($G48="D",$H48="D",$I48="WK "&_xlfn.ISOWEEKNUM($K$2)),$D$1,$E$1)))) -> ON | R48: =IF($A48="","",IF(COUNTA($K$2:$AO$2)-4,IF(OR(R$4="Mon",R$4="Tue"),$E$1,$D$1))) -> ON | S48: =IF($A48="","",IF(COUNTA($K$2:$AO$2)-4,IF(OR(S$4="Mon",S$4="Tue"),$E$1,$D$1))) -> ON | T48: =IF($A48="","",IF(COUNTA($K$2:$AO$2)-4,IF(OR(T$4<>"Mon",T$4<>"Tue"),IF(AND($G48="A",$H48="A",$I48="WK "&_xlfn.ISOWEEKNUM($R$2)),$D$1,$E$1)))) -> ON | U48: =IF($A48="","",IF(COUNTA($K$2:$AO$2)-4,IF(OR(U$4<>"Mon",U$4<>"Tue"),IF(AND($G48="B",$H48="B",$I48="WK "&_xlfn.ISOWEEKNUM($R$2)),$D$1,$E$1)))) -> ON | V48: =IF($A48="","",IF(COUNTA($K$2:$AO$2)-4,IF(OR(V$4<>"Mon",V$4<>"Tue"),IF(AND($G48="C",$H48="C",$I48="WK "&_xlfn.ISOWEEKNUM($R$2)),$D$1,$E$1)))) -> ON | W48: =IF($A48="","",IF(COUNTA($K$2:$AO$2)-4,IF(OR(W$4<>"Mon",W$4<>"Tue"),IF(AND($G48="D",$H48="D",$I48="WK "&_xlfn.ISOWEEKNUM($R$2)),$D$1,$E$1)))) -> OFF | Y48: =IF($A48="","",IF(COUNTA($K$2:$AO$2)-4,IF(OR(Y$4="Mon",Y$4="Tue"),$E$1,$D$1))) -> ON | Z48: =IF($A48="","",IF(COUNTA($K$2:$AO$2)-4,IF(OR(Z$4="Mon",Z$4="Tue"),$E$1,$D$1))) -> ON | AA48: =IF($A48="","",IF(COUNTA($K$2:$AO$2)-4,IF(OR(AA$4<>"Mon",AA$4<>"Tue"),IF(AND($G48="A",$H48="A",$J48="WK "&_xlfn.ISOWEEKNUM($Y$2)),$D$1,$E$1)))) -> ON | AB48: =IF($A48="","",IF(COUNTA($K$2:$AO$2)-4,IF(OR(AB$4<>"Mon",AB$4<>"Tue"),IF(AND($G48="B",$H48="B",$J48="WK "&_xlfn.ISOWEEKNUM($Y$2)),$D$1,$E$1)))) -> ON | AC48: =IF($A48="","",IF(COUNTA($K$2:$AO$2)-4,IF(OR(AC$4<>"Mon",AC$4<>"Tue"),IF(AND($G48="C",$H48="C",$J48="WK "&_xlfn.ISOWEEKNUM($Y$2)),$D$1,$E$1)))) -> ON | AD48: =IF($A48="","",IF(COUNTA($K$2:$AO$2)-4,IF(OR(AD$4<>"Mon",AD$4<>"Tue"),IF(AND($G48="D",$H48="D",$J48="WK "&_xlfn.ISOWEEKNUM($Y$2)),$D$1,$E$1)))) -> ON | AF48: =IF($A48="","",IF(COUNTA($K$2:$AO$2)-4,IF(OR(AF$4="Mon",AF$4="Tue"),$E$1,$D$1))) -> ON | AG48: =IF($A48="","",IF(COUNTA($K$2:$AO$2)-4,IF(OR(AG$4="Mon",AG$4="Tue"),$E$1,$D$1))) -> ON | AH48: =IF($A48="","",IF(COUNTA($K$2:$AO$2)-4,IF(OR(AH$4<>"Mon",AH$4<>"Tue"),IF(AND($G48="A",$H48="A",$J48="WK "&_xlfn.ISOWEEKNUM($AF$2)),$D$1,$E$1)))) -> ON | AI48: =IF($A48="","",IF(COUNTA($K$2:$AO$2)-4,IF(OR(AI$4<>"Mon",AI$4<>"Tue"),IF(AND($G48="B",$H48="B",$J48="WK "&_xlfn.ISOWEEKNUM($AF$2)),$D$1,$E$1)))) -> ON | AJ48: =IF($A48="","",IF(COUNTA($K$2:$AO$2)-4,IF(OR(AJ$4<>"Mon",AJ$4<>"Tue"),IF(AND($G48="C",$H48="C",$J48="WK "&_xlfn.ISOWEEKNUM($AF$2)),$D$1,$E$1)))) -> ON | AK48: =IF($A48="","",IF(COUNTA($K$2:$AO$2)-4,IF(OR(AK$4<>"Mon",AK$4<>"Tue"),IF(AND($G48="D",$H48="D",$J48="WK "&_xlfn.ISOWEEKNUM($AF$2)),$D$1,$E$1)))) -> OFF | AM48: =IF(COUNTA($K$2:$AO$2)-4,IF(OR(AM$4="Mon",AM$4="Tue"),$E$1,$D$1)) -> ON | AN48: =IF(COUNTA($K$2:$AO$2)-4,IF(OR(AN$4="Mon",AN$4="Tue"),$E$1,$D$1)) -> ON | AO48: =IF(COUNTA($K$2:$AO$2)-4,IF(OR(AO$4="Mon",AO$4="Tue",AO$4="Wed"),$E$1,$D$1)) -> ON
A49: =CHOOSE(RANDBETWEEN(1,5),"Lagos","Ogun","Ondo","Oyo","Ekiti") -> Lagos | B49: =CHOOSE(RANDBETWEEN(1,5),"A","B","C","D","E") -> C | C49: =CHOOSE(RANDBETWEEN(1,5),"A1","B1","C1","D1","E1") -> E1 | D49: Mini Bus | E49: =COUNTIF(K49:AO49, "ON") -> 25 | F49: =COUNTIF(K49:AO49, "OFF") -> 2 | G49: {=IF($G$5:$G$8={"A";"B";"C";"D"},{"D";"C";"B";"A"},{"A";"B";"C";"D"})} -> D | H49: {=IF($H$5:$H$8={"A";"B";"C";"D"},{"D";"C";"B";"A"},{"A";"B";"C";"D"})} -> D | I49: =IF($A49="","",IF(COUNTA($K$2:$P$2)=6,"WK "&_xlfn.ISOWEEKNUM($K$2))) -> WK 18 | J49: =IF($A49="","",IF(COUNTA($Y$2:$AD$2)=6,"WK "&_xlfn.ISOWEEKNUM($Y$2))) -> WK 20 | K49: =IF($A49="","",IF(COUNTA($K$2:$AO$2)-4,IF(OR(K$4="Mon",K$4="Tue"),$E$1,$D$1))) -> ON | L49: =IF($A49="","",IF(COUNTA($K$2:$AO$2)-4,IF(OR(L$4="Mon",L$4="Tue"),$E$1,$D$1))) -> ON | M49: =IF($A49="","",IF(COUNTA($K$2:$AO$2)-4,IF(OR(M$4<>"Mon",M$4<>"Tue"),IF(AND($G49="A",$H49="A",$I49="WK "&_xlfn.ISOWEEKNUM($K$2)),$D$1,$E$1)))) -> ON | N49: =IF($A49="","",IF(COUNTA($K$2:$AO$2)-4,IF(OR(N$4<>"Mon",N$4<>"Tue"),IF(AND($G49="B",$H49="B",$I49="WK "&_xlfn.ISOWEEKNUM($K$2)),$D$1,$E$1)))) -> ON | O49: =IF($A49="","",IF(COUNTA($K$2:$AO$2)-4,IF(OR(O$4<>"Mon",O$4<>"Tue"),IF(AND($G49="C",$H49="C",$I49="WK "&_xlfn.ISOWEEKNUM($K$2)),$D$1,$E$1)))) -> ON | P49: =IF($A49="","",IF(COUNTA($K$2:$AO$2)-4,IF(OR(P$4<>"Mon",P$4<>"Tue"),IF(AND($G49="D",$H49="D",$I49="WK "&_xlfn.ISOWEEKNUM($K$2)),$D$1,$E$1)))) -> OFF | R49: =IF($A49="","",IF(COUNTA($K$2:$AO$2)-4,IF(OR(R$4="Mon",R$4="Tue"),$E$1,$D$1))) -> ON | S49: =IF($A49="","",IF(COUNTA($K$2:$AO$2)-4,IF(OR(S$4="Mon",S$4="Tue"),$E$1,$D$1))) -> ON | T49: =IF($A49="","",IF(COUNTA($K$2:$AO$2)-4,IF(OR(T$4<>"Mon",T$4<>"Tue"),IF(AND($G49="A",$H49="A",$I49="WK "&_xlfn.ISOWEEKNUM($R$2)),$D$1,$E$1)))) -> ON | U49: =IF($A49="","",IF(COUNTA($K$2:$AO$2)-4,IF(OR(U$4<>"Mon",U$4<>"Tue"),IF(AND($G49="B",$H49="B",$I49="WK "&_xlfn.ISOWEEKNUM($R$2)),$D$1,$E$1)))) -> ON | V49: =IF($A49="","",IF(COUNTA($K$2:$AO$2)-4,IF(OR(V$4<>"Mon",V$4<>"Tue"),IF(AND($G49="C",$H49="C",$I49="WK "&_xlfn.ISOWEEKNUM($R$2)),$D$1,$E$1)))) -> ON | W49: =IF($A49="","",IF(COUNTA($K$2:$AO$2)-4,IF(OR(W$4<>"Mon",W$4<>"Tue"),IF(AND($G49="D",$H49="D",$I49="WK "&_xlfn.ISOWEEKNUM($R$2)),$D$1,$E$1)))) -> ON | Y49: =IF($A49="","",IF(COUNTA($K$2:$AO$2)-4,IF(OR(Y$4="Mon",Y$4="Tue"),$E$1,$D$1))) -> ON | Z49: =IF($A49="","",IF(COUNTA($K$2:$AO$2)-4,IF(OR(Z$4="Mon",Z$4="Tue"),$E$1,$D$1))) -> ON | AA49: =IF($A49="","",IF(COUNTA($K$2:$AO$2)-4,IF(OR(AA$4<>"Mon",AA$4<>"Tue"),IF(AND($G49="A",$H49="A",$J49="WK "&_xlfn.ISOWEEKNUM($Y$2)),$D$1,$E$1)))) -> ON | AB49: =IF($A49="","",IF(COUNTA($K$2:$AO$2)-4,IF(OR(AB$4<>"Mon",AB$4<>"Tue"),IF(AND($G49="B",$H49="B",$J49="WK "&_xlfn.ISOWEEKNUM($Y$2)),$D$1,$E$1)))) -> ON | AC49: =IF($A49="","",IF(COUNTA($K$2:$AO$2)-4,IF(OR(AC$4<>"Mon",AC$4<>"Tue"),IF(AND($G49="C",$H49="C",$J49="WK "&_xlfn.ISOWEEKNUM($Y$2)),$D$1,$E$1)))) -> ON | AD49: =IF($A49="","",IF(COUNTA($K$2:$AO$2)-4,IF(OR(AD$4<>"Mon",AD$4<>"Tue"),IF(AND($G49="D",$H49="D",$J49="WK "&_xlfn.ISOWEEKNUM($Y$2)),$D$1,$E$1)))) -> OFF | AF49: =IF($A49="","",IF(COUNTA($K$2:$AO$2)-4,IF(OR(AF$4="Mon",AF$4="Tue"),$E$1,$D$1))) -> ON | AG49: =IF($A49="","",IF(COUNTA($K$2:$AO$2)-4,IF(OR(AG$4="Mon",AG$4="Tue"),$E$1,$D$1))) -> ON | AH49: =IF($A49="","",IF(COUNTA($K$2:$AO$2)-4,IF(OR(AH$4<>"Mon",AH$4<>"Tue"),IF(AND($G49="A",$H49="A",$J49="WK "&_xlfn.ISOWEEKNUM($AF$2)),$D$1,$E$1)))) -> ON | AI49: =IF($A49="","",IF(COUNTA($K$2:$AO$2)-4,IF(OR(AI$4<>"Mon",AI$4<>"Tue"),IF(AND($G49="B",$H49="B",$J49="WK "&_xlfn.ISOWEEKNUM($AF$2)),$D$1,$E$1)))) -> ON | AJ49: =IF($A49="","",IF(COUNTA($K$2:$AO$2)-4,IF(OR(AJ$4<>"Mon",AJ$4<>"Tue"),IF(AND($G49="C",$H49="C",$J49="WK "&_xlfn.ISOWEEKNUM($AF$2)),$D$1,$E$1)))) -> ON | AK49: =IF($A49="","",IF(COUNTA($K$2:$AO$2)-4,IF(OR(AK$4<>"Mon",AK$4<>"Tue"),IF(AND($G49="D",$H49="D",$J49="WK "&_xlfn.ISOWEEKNUM($AF$2)),$D$1,$E$1)))) -> ON | AM49: =IF(COUNTA($K$2:$AO$2)-4,IF(OR(AM$4="Mon",AM$4="Tue"),$E$1,$D$1)) -> ON | AN49: =IF(COUNTA($K$2:$AO$2)-4,IF(OR(AN$4="Mon",AN$4="Tue"),$E$1,$D$1)) -> ON | AO49: =IF(COUNTA($K$2:$AO$2)-4,IF(OR(AO$4="Mon",AO$4="Tue",AO$4="Wed"),$E$1,$D$1)) -> ON
A50: =CHOOSE(RANDBETWEEN(1,5),"Lagos","Ogun","Ondo","Oyo","Ekiti") -> Ondo | B50: =CHOOSE(RANDBETWEEN(1,5),"A","B","C","D","E") -> D | C50: =CHOOSE(RANDBETWEEN(1,5),"A1","B1","C1","D1","E1") -> A1 | D50: Mini Truck | E50: =COUNTIF(K50:AO50, "ON") -> 25 | F50: =COUNTIF(K50:AO50, "OFF") -> 2 | G50: C | H50: C | I50: =IF($A50="","",IF(COUNTA($R$2:$W$2)=6,"WK "&_xlfn.ISOWEEKNUM($R$2))) -> WK 19 | J50: =IF($A50="","",IF(COUNTA($AF$2:$AK$2)=6,"WK "&_xlfn.ISOWEEKNUM($AF$2))) -> WK 21 | K50: =IF($A50="","",IF(COUNTA($K$2:$AO$2)-4,IF(OR(K$4="Mon",K$4="Tue"),$E$1,$D$1))) -> ON | L50: =IF($A50="","",IF(COUNTA($K$2:$AO$2)-4,IF(OR(L$4="Mon",L$4="Tue"),$E$1,$D$1))) -> ON | M50: =IF($A50="","",IF(COUNTA($K$2:$AO$2)-4,IF(OR(M$4<>"Mon",M$4<>"Tue"),IF(AND($G50="A",$H50="A",$I50="WK "&_xlfn.ISOWEEKNUM($K$2)),$D$1,$E$1)))) -> ON | N50: =IF($A50="","",IF(COUNTA($K$2:$AO$2)-4,IF(OR(N$4<>"Mon",N$4<>"Tue"),IF(AND($G50="B",$H50="B",$I50="WK "&_xlfn.ISOWEEKNUM($K$2)),$D$1,$E$1)))) -> ON | O50: =IF($A50="","",IF(COUNTA($K$2:$AO$2)-4,IF(OR(O$4<>"Mon",O$4<>"Tue"),IF(AND($G50="C",$H50="C",$I50="WK "&_xlfn.ISOWEEKNUM($K$2)),$D$1,$E$1)))) -> ON | P50: =IF($A50="","",IF(COUNTA($K$2:$AO$2)-4,IF(OR(P$4<>"Mon",P$4<>"Tue"),IF(AND($G50="D",$H50="D",$I50="WK "&_xlfn.ISOWEEKNUM($K$2)),$D$1,$E$1)))) -> ON | R50: =IF($A50="","",IF(COUNTA($K$2:$AO$2)-4,IF(OR(R$4="Mon",R$4="Tue"),$E$1,$D$1))) -> ON | S50: =IF($A50="","",IF(COUNTA($K$2:$AO$2)-4,IF(OR(S$4="Mon",S$4="Tue"),$E$1,$D$1))) -> ON | T50: =IF($A50="","",IF(COUNTA($K$2:$AO$2)-4,IF(OR(T$4<>"Mon",T$4<>"Tue"),IF(AND($G50="A",$H50="A",$I50="WK "&_xlfn.ISOWEEKNUM($R$2)),$D$1,$E$1)))) -> ON | U50: =IF($A50="","",IF(COUNTA($K$2:$AO$2)-4,IF(OR(U$4<>"Mon",U$4<>"Tue"),IF(AND($G50="B",$H50="B",$I50="WK "&_xlfn.ISOWEEKNUM($R$2)),$D$1,$E$1)))) -> ON | V50: =IF($A50="","",IF(COUNTA($K$2:$AO$2)-4,IF(OR(V$4<>"Mon",V$4<>"Tue"),IF(AND($G50="C",$H50="C",$I50="WK "&_xlfn.ISOWEEKNUM($R$2)),$D$1,$E$1)))) -> OFF | W50: =IF($A50="","",IF(COUNTA($K$2:$AO$2)-4,IF(OR(W$4<>"Mon",W$4<>"Tue"),IF(AND($G50="D",$H50="D",$I50="WK "&_xlfn.ISOWEEKNUM($R$2)),$D$1,$E$1)))) -> ON | Y50: =IF($A50="","",IF(COUNTA($K$2:$AO$2)-4,IF(OR(Y$4="Mon",Y$4="Tue"),$E$1,$D$1))) -> ON | Z50: =IF($A50="","",IF(COUNTA($K$2:$AO$2)-4,IF(OR(Z$4="Mon",Z$4="Tue"),$E$1,$D$1))) -> ON | AA50: =IF($A50="","",IF(COUNTA($K$2:$AO$2)-4,IF(OR(AA$4<>"Mon",AA$4<>"Tue"),IF(AND($G50="A",$H50="A",$J50="WK "&_xlfn.ISOWEEKNUM($Y$2)),$D$1,$E$1)))) -> ON | AB50: =IF($A50="","",IF(COUNTA($K$2:$AO$2)-4,IF(OR(AB$4<>"Mon",AB$4<>"Tue"),IF(AND($G50="B",$H50="B",$J50="WK "&_xlfn.ISOWEEKNUM($Y$2)),$D$1,$E$1)))) -> ON | AC50: =IF($A50="","",IF(COUNTA($K$2:$AO$2)-4,IF(OR(AC$4<>"Mon",AC$4<>"Tue"),IF(AND($G50="C",$H50="C",$J50="WK "&_xlfn.ISOWEEKNUM($Y$2)),$D$1,$E$1)))) -> ON | AD50: =IF($A50="","",IF(COUNTA($K$2:$AO$2)-4,IF(OR(AD$4<>"Mon",AD$4<>"Tue"),IF(AND($G50="D",$H50="D",$J50="WK "&_xlfn.ISOWEEKNUM($Y$2)),$D$1,$E$1)))) -> ON | AF50: =IF($A50="","",IF(COUNTA($K$2:$AO$2)-4,IF(OR(AF$4="Mon",AF$4="Tue"),$E$1,$D$1))) -> ON | AG50: =IF($A50="","",IF(COUNTA($K$2:$AO$2)-4,IF(OR(AG$4="Mon",AG$4="Tue"),$E$1,$D$1))) -> ON | AH50: =IF($A50="","",IF(COUNTA($K$2:$AO$2)-4,IF(OR(AH$4<>"Mon",AH$4<>"Tue"),IF(AND($G50="A",$H50="A",$J50="WK "&_xlfn.ISOWEEKNUM($AF$2)),$D$1,$E$1)))) -> ON | AI50: =IF($A50="","",IF(COUNTA($K$2:$AO$2)-4,IF(OR(AI$4<>"Mon",AI$4<>"Tue"),IF(AND($G50="B",$H50="B",$J50="WK "&_xlfn.ISOWEEKNUM($AF$2)),$D$1,$E$1)))) -> ON | AJ50: =IF($A50="","",IF(COUNTA($K$2:$AO$2)-4,IF(OR(AJ$4<>"Mon",AJ$4<>"Tue"),IF(AND($G50="C",$H50="C",$J50="WK "&_xlfn.ISOWEEKNUM($AF$2)),$D$1,$E$1)))) -> OFF | AK50: =IF($A50="","",IF(COUNTA($K$2:$AO$2)-4,IF(OR(AK$4<>"Mon",AK$4<>"Tue"),IF(AND($G50="D",$H50="D",$J50="WK "&_xlfn.ISOWEEKNUM($AF$2)),$D$1,$E$1)))) -> ON | AM50: =IF(COUNTA($K$2:$AO$2)-4,IF(OR(AM$4="Mon",AM$4="Tue"),$E$1,$D$1)) -> ON | AN50: =IF(COUNTA($K$2:$AO$2)-4,IF(OR(AN$4="Mon",AN$4="Tue"),$E$1,$D$1)) -> ON | AO50: =IF(COUNTA($K$2:$AO$2)-4,IF(OR(AO$4="Mon",AO$4="Tue",AO$4="Wed"),$E$1,$D$1)) -> ON
A51: =CHOOSE(RANDBETWEEN(1,5),"Lagos","Ogun","Ondo","Oyo","Ekiti") -> Ondo | B51: =CHOOSE(RANDBETWEEN(1,5),"A","B","C","D","E") -> A | C51: =CHOOSE(RANDBETWEEN(1,5),"A1","B1","C1","D1","E1") -> B1 | D51: Spare Driver | E51: =COUNTIF(K51:AO51, "ON") -> 25 | F51: =COUNTIF(K51:AO51, "OFF") -> 2 | G51: B | H51: B | I51: =IF($A51="","",IF(COUNTA($K$2:$P$2)=6,"WK "&_xlfn.ISOWEEKNUM($K$2))) -> WK 18 | J51: =IF($A51="","",IF(COUNTA($Y$2:$AD$2)=6,"WK "&_xlfn.ISOWEEKNUM($Y$2))) -> WK 20 | K51: =IF($A51="","",IF(COUNTA($K$2:$AO$2)-4,IF(OR(K$4="Mon",K$4="Tue"),$E$1,$D$1))) -> ON | L51: =IF($A51="","",IF(COUNTA($K$2:$AO$2)-4,IF(OR(L$4="Mon",L$4="Tue"),$E$1,$D$1))) -> ON | M51: =IF($A51="","",IF(COUNTA($K$2:$AO$2)-4,IF(OR(M$4<>"Mon",M$4<>"Tue"),IF(AND($G51="A",$H51="A",$I51="WK "&_xlfn.ISOWEEKNUM($K$2)),$D$1,$E$1)))) -> ON | N51: =IF($A51="","",IF(COUNTA($K$2:$AO$2)-4,IF(OR(N$4<>"Mon",N$4<>"Tue"),IF(AND($G51="B",$H51="B",$I51="WK "&_xlfn.ISOWEEKNUM($K$2)),$D$1,$E$1)))) -> OFF | O51: =IF($A51="","",IF(COUNTA($K$2:$AO$2)-4,IF(OR(O$4<>"Mon",O$4<>"Tue"),IF(AND($G51="C",$H51="C",$I51="WK "&_xlfn.ISOWEEKNUM($K$2)),$D$1,$E$1)))) -> ON | P51: =IF($A51="","",IF(COUNTA($K$2:$AO$2)-4,IF(OR(P$4<>"Mon",P$4<>"Tue"),IF(AND($G51="D",$H51="D",$I51="WK "&_xlfn.ISOWEEKNUM($K$2)),$D$1,$E$1)))) -> ON | R51: =IF($A51="","",IF(COUNTA($K$2:$AO$2)-4,IF(OR(R$4="Mon",R$4="Tue"),$E$1,$D$1))) -> ON | S51: =IF($A51="","",IF(COUNTA($K$2:$AO$2)-4,IF(OR(S$4="Mon",S$4="Tue"),$E$1,$D$1))) -> ON | T51: =IF($A51="","",IF(COUNTA($K$2:$AO$2)-4,IF(OR(T$4<>"Mon",T$4<>"Tue"),IF(AND($G51="A",$H51="A",$I51="WK "&_xlfn.ISOWEEKNUM($R$2)),$D$1,$E$1)))) -> ON | U51: =IF($A51="","",IF(COUNTA($K$2:$AO$2)-4,IF(OR(U$4<>"Mon",U$4<>"Tue"),IF(AND($G51="B",$H51="B",$I51="WK "&_xlfn.ISOWEEKNUM($R$2)),$D$1,$E$1)))) -> ON | V51: =IF($A51="","",IF(COUNTA($K$2:$AO$2)-4,IF(OR(V$4<>"Mon",V$4<>"Tue"),IF(AND($G51="C",$H51="C",$I51="WK "&_xlfn.ISOWEEKNUM($R$2)),$D$1,$E$1)))) -> ON | W51: =IF($A51="","",IF(COUNTA($K$2:$AO$2)-4,IF(OR(W$4<>"Mon",W$4<>"Tue"),IF(AND($G51="D",$H51="D",$I51="WK "&_xlfn.ISOWEEKNUM($R$2)),$D$1,$E$1)))) -> ON | Y51: =IF($A51="","",IF(COUNTA($K$2:$AO$2)-4,IF(OR(Y$4="Mon",Y$4="Tue"),$E$1,$D$1))) -> ON | Z51: =IF($A51="","",IF(COUNTA($K$2:$AO$2)-4,IF(OR(Z$4="Mon",Z$4="Tue"),$E$1,$D$1))) -> ON | AA51: =IF($A51="","",IF(COUNTA($K$2:$AO$2)-4,IF(OR(AA$4<>"Mon",AA$4<>"Tue"),IF(AND($G51="A",$H51="A",$J51="WK "&_xlfn.ISOWEEKNUM($Y$2)),$D$1,$E$1)))) -> ON | AB51: =IF($A51="","",IF(COUNTA($K$2:$AO$2)-4,IF(OR(AB$4<>"Mon",AB$4<>"Tue"),IF(AND($G51="B",$H51="B",$J51="WK "&_xlfn.ISOWEEKNUM($Y$2)),$D$1,$E$1)))) -> OFF | AC51: =IF($A51="","",IF(COUNTA($K$2:$AO$2)-4,IF(OR(AC$4<>"Mon",AC$4<>"Tue"),IF(AND($G51="C",$H51="C",$J51="WK "&_xlfn.ISOWEEKNUM($Y$2)),$D$1,$E$1)))) -> ON | AD51: =IF($A51="","",IF(COUNTA($K$2:$AO$2)-4,IF(OR(AD$4<>"Mon",AD$4<>"Tue"),IF(AND($G51="D",$H51="D",$J51="WK "&_xlfn.ISOWEEKNUM($Y$2)),$D$1,$E$1)))) -> ON | AF51: =IF($A51="","",IF(COUNTA($K$2:$AO$2)-4,IF(OR(AF$4="Mon",AF$4="Tue"),$E$1,$D$1))) -> ON | AG51: =IF($A51="","",IF(COUNTA($K$2:$AO$2)-4,IF(OR(AG$4="Mon",AG$4="Tue"),$E$1,$D$1))) -> ON | AH51: =IF($A51="","",IF(COUNTA($K$2:$AO$2)-4,IF(OR(AH$4<>"Mon",AH$4<>"Tue"),IF(AND($G51="A",$H51="A",$J51="WK "&_xlfn.ISOWEEKNUM($AF$2)),$D$1,$E$1)))) -> ON | AI51: =IF($A51="","",IF(COUNTA($K$2:$AO$2)-4,IF(OR(AI$4<>"Mon",AI$4<>"Tue"),IF(AND($G51="B",$H51="B",$J51="WK "&_xlfn.ISOWEEKNUM($AF$2)),$D$1,$E$1)))) -> ON | AJ51: =IF($A51="","",IF(COUNTA($K$2:$AO$2)-4,IF(OR(AJ$4<>"Mon",AJ$4<>"Tue"),IF(AND($G51="C",$H51="C",$J51="WK "&_xlfn.ISOWEEKNUM($AF$2)),$D$1,$E$1)))) -> ON | AK51: =IF($A51="","",IF(COUNTA($K$2:$AO$2)-4,IF(OR(AK$4<>"Mon",AK$4<>"Tue"),IF(AND($G51="D",$H51="D",$J51="WK "&_xlfn.ISOWEEKNUM($AF$2)),$D$1,$E$1)))) -> ON | AM51: =IF(COUNTA($K$2:$AO$2)-4,IF(OR(AM$4="Mon",AM$4="Tue"),$E$1,$D$1)) -> ON | AN51: =IF(COUNTA($K$2:$AO$2)-4,IF(OR(AN$4="Mon",AN$4="Tue"),$E$1,$D$1)) -> ON | AO51: =IF(COUNTA($K$2:$AO$2)-4,IF(OR(AO$4="Mon",AO$4="Tue",AO$4="Wed"),$E$1,$D$1)) -> ON
A52: =CHOOSE(RANDBETWEEN(1,5),"Lagos","Ogun","Ondo","Oyo","Ekiti") -> Ogun | B52: =CHOOSE(RANDBETWEEN(1,5),"A","B","C","D","E") -> B | C52: =CHOOSE(RANDBETWEEN(1,5),"A1","B1","C1","D1","E1") -> A1 | D52: Van | E52: =COUNTIF(K52:AO52, "ON") -> 25 | F52: =COUNTIF(K52:AO52, "OFF") -> 2 | G52: A | H52: A | I52: =IF($A52="","",IF(COUNTA($R$2:$W$2)=6,"WK "&_xlfn.ISOWEEKNUM($R$2))) -> WK 19 | J52: =IF($A52="","",IF(COUNTA($AF$2:$AK$2)=6,"WK "&_xlfn.ISOWEEKNUM($AF$2))) -> WK 21 | K52: =IF($A52="","",IF(COUNTA($K$2:$AO$2)-4,IF(OR(K$4="Mon",K$4="Tue"),$E$1,$D$1))) -> ON | L52: =IF($A52="","",IF(COUNTA($K$2:$AO$2)-4,IF(OR(L$4="Mon",L$4="Tue"),$E$1,$D$1))) -> ON | M52: =IF($A52="","",IF(COUNTA($K$2:$AO$2)-4,IF(OR(M$4<>"Mon",M$4<>"Tue"),IF(AND($G52="A",$H52="A",$I52="WK "&_xlfn.ISOWEEKNUM($K$2)),$D$1,$E$1)))) -> ON | N52: =IF($A52="","",IF(COUNTA($K$2:$AO$2)-4,IF(OR(N$4<>"Mon",N$4<>"Tue"),IF(AND($G52="B",$H52="B",$I52="WK "&_xlfn.ISOWEEKNUM($K$2)),$D$1,$E$1)))) -> ON | O52: =IF($A52="","",IF(COUNTA($K$2:$AO$2)-4,IF(OR(O$4<>"Mon",O$4<>"Tue"),IF(AND($G52="C",$H52="C",$I52="WK "&_xlfn.ISOWEEKNUM($K$2)),$D$1,$E$1)))) -> ON | P52: =IF($A52="","",IF(COUNTA($K$2:$AO$2)-4,IF(OR(P$4<>"Mon",P$4<>"Tue"),IF(AND($G52="D",$H52="D",$I52="WK "&_xlfn.ISOWEEKNUM($K$2)),$D$1,$E$1)))) -> ON | R52: =IF($A52="","",IF(COUNTA($K$2:$AO$2)-4,IF(OR(R$4="Mon",R$4="Tue"),$E$1,$D$1))) -> ON | S52: =IF($A52="","",IF(COUNTA($K$2:$AO$2)-4,IF(OR(S$4="Mon",S$4="Tue"),$E$1,$D$1))) -> ON | T52: =IF($A52="","",IF(COUNTA($K$2:$AO$2)-4,IF(OR(T$4<>"Mon",T$4<>"Tue"),IF(AND($G52="A",$H52="A",$I52="WK "&_xlfn.ISOWEEKNUM($R$2)),$D$1,$E$1)))) -> OFF | U52: =IF($A52="","",IF(COUNTA($K$2:$AO$2)-4,IF(OR(U$4<>"Mon",U$4<>"Tue"),IF(AND($G52="B",$H52="B",$I52="WK "&_xlfn.ISOWEEKNUM($R$2)),$D$1,$E$1)))) -> ON | V52: =IF($A52="","",IF(COUNTA($K$2:$AO$2)-4,IF(OR(V$4<>"Mon",V$4<>"Tue"),IF(AND($G52="C",$H52="C",$I52="WK "&_xlfn.ISOWEEKNUM($R$2)),$D$1,$E$1)))) -> ON | W52: =IF($A52="","",IF(COUNTA($K$2:$AO$2)-4,IF(OR(W$4<>"Mon",W$4<>"Tue"),IF(AND($G52="D",$H52="D",$I52="WK "&_xlfn.ISOWEEKNUM($R$2)),$D$1,$E$1)))) -> ON | Y52: =IF($A52="","",IF(COUNTA($K$2:$AO$2)-4,IF(OR(Y$4="Mon",Y$4="Tue"),$E$1,$D$1))) -> ON | Z52: =IF($A52="","",IF(COUNTA($K$2:$AO$2)-4,IF(OR(Z$4="Mon",Z$4="Tue"),$E$1,$D$1))) -> ON | AA52: =IF($A52="","",IF(COUNTA($K$2:$AO$2)-4,IF(OR(AA$4<>"Mon",AA$4<>"Tue"),IF(AND($G52="A",$H52="A",$J52="WK "&_xlfn.ISOWEEKNUM($Y$2)),$D$1,$E$1)))) -> ON | AB52: =IF($A52="","",IF(COUNTA($K$2:$AO$2)-4,IF(OR(AB$4<>"Mon",AB$4<>"Tue"),IF(AND($G52="B",$H52="B",$J52="WK "&_xlfn.ISOWEEKNUM($Y$2)),$D$1,$E$1)))) -> ON | AC52: =IF($A52="","",IF(COUNTA($K$2:$AO$2)-4,IF(OR(AC$4<>"Mon",AC$4<>"Tue"),IF(AND($G52="C",$H52="C",$J52="WK "&_xlfn.ISOWEEKNUM($Y$2)),$D$1,$E$1)))) -> ON | AD52: =IF($A52="","",IF(COUNTA($K$2:$AO$2)-4,IF(OR(AD$4<>"Mon",AD$4<>"Tue"),IF(AND($G52="D",$H52="D",$J52="WK "&_xlfn.ISOWEEKNUM($Y$2)),$D$1,$E$1)))) -> ON | AF52: =IF($A52="","",IF(COUNTA($K$2:$AO$2)-4,IF(OR(AF$4="Mon",AF$4="Tue"),$E$1,$D$1))) -> ON | AG52: =IF($A52="","",IF(COUNTA($K$2:$AO$2)-4,IF(OR(AG$4="Mon",AG$4="Tue"),$E$1,$D$1))) -> ON | AH52: =IF($A52="","",IF(COUNTA($K$2:$AO$2)-4,IF(OR(AH$4<>"Mon",AH$4<>"Tue"),IF(AND($G52="A",$H52="A",$J52="WK "&_xlfn.ISOWEEKNUM($AF$2)),$D$1,$E$1)))) -> OFF | AI52: =IF($A52="","",IF(COUNTA($K$2:$AO$2)-4,IF(OR(AI$4<>"Mon",AI$4<>"Tue"),IF(AND($G52="B",$H52="B",$J52="WK "&_xlfn.ISOWEEKNUM($AF$2)),$D$1,$E$1)))) -> ON | AJ52: =IF($A52="","",IF(COUNTA($K$2:$AO$2)-4,IF(OR(AJ$4<>"Mon",AJ$4<>"Tue"),IF(AND($G52="C",$H52="C",$J52="WK "&_xlfn.ISOWEEKNUM($AF$2)),$D$1,$E$1)))) -> ON | AK52: =IF($A52="","",IF(COUNTA($K$2:$AO$2)-4,IF(OR(AK$4<>"Mon",AK$4<>"Tue"),IF(AND($G52="D",$H52="D",$J52="WK "&_xlfn.ISOWEEKNUM($AF$2)),$D$1,$E$1)))) -> ON | AM52: =IF(COUNTA($K$2:$AO$2)-4,IF(OR(AM$4="Mon",AM$4="Tue"),$E$1,$D$1)) -> ON | AN52: =IF(COUNTA($K$2:$AO$2)-4,IF(OR(AN$4="Mon",AN$4="Tue"),$E$1,$D$1)) -> ON | AO52: =IF(COUNTA($K$2:$AO$2)-4,IF(OR(AO$4="Mon",AO$4="Tue",AO$4="Wed"),$E$1,$D$1)) -> ON
A53: =CHOOSE(RANDBETWEEN(1,5),"Lagos","Ogun","Ondo","Oyo","Ekiti") -> Ogun | B53: =CHOOSE(RANDBETWEEN(1,5),"A","B","C","D","E") -> E | C53: =CHOOSE(RANDBETWEEN(1,5),"A1","B1","C1","D1","E1") -> B1 | D53: Van | E53: =COUNTIF(K53:AO53, "ON") -> 25 | F53: =COUNTIF(K53:AO53, "OFF") -> 2 | G53: {=Groups!$B$2:$B$5} -> A | H53: {=Groups!$B$2:$B$5} -> A | I53: =IF($A53="","",IF(COUNTA($K$2:$P$2)=6,"WK "&_xlfn.ISOWEEKNUM($K$2))) -> WK 18 | J53: =IF($A53="","",IF(COUNTA($Y$2:$AD$2)=6,"WK "&_xlfn.ISOWEEKNUM($Y$2))) -> WK 20 | K53: =IF($A53="","",IF(COUNTA($K$2:$AO$2)-4,IF(OR(K$4="Mon",K$4="Tue"),$E$1,$D$1))) -> ON | L53: =IF($A53="","",IF(COUNTA($K$2:$AO$2)-4,IF(OR(L$4="Mon",L$4="Tue"),$E$1,$D$1))) -> ON | M53: =IF($A53="","",IF(COUNTA($K$2:$AO$2)-4,IF(OR(M$4<>"Mon",M$4<>"Tue"),IF(AND($G53="A",$H53="A",$I53="WK "&_xlfn.ISOWEEKNUM($K$2)),$D$1,$E$1)))) -> OFF | N53: =IF($A53="","",IF(COUNTA($K$2:$AO$2)-4,IF(OR(N$4<>"Mon",N$4<>"Tue"),IF(AND($G53="B",$H53="B",$I53="WK "&_xlfn.ISOWEEKNUM($K$2)),$D$1,$E$1)))) -> ON | O53: =IF($A53="","",IF(COUNTA($K$2:$AO$2)-4,IF(OR(O$4<>"Mon",O$4<>"Tue"),IF(AND($G53="C",$H53="C",$I53="WK "&_xlfn.ISOWEEKNUM($K$2)),$D$1,$E$1)))) -> ON | P53: =IF($A53="","",IF(COUNTA($K$2:$AO$2)-4,IF(OR(P$4<>"Mon",P$4<>"Tue"),IF(AND($G53="D",$H53="D",$I53="WK "&_xlfn.ISOWEEKNUM($K$2)),$D$1,$E$1)))) -> ON | R53: =IF($A53="","",IF(COUNTA($K$2:$AO$2)-4,IF(OR(R$4="Mon",R$4="Tue"),$E$1,$D$1))) -> ON | S53: =IF($A53="","",IF(COUNTA($K$2:$AO$2)-4,IF(OR(S$4="Mon",S$4="Tue"),$E$1,$D$1))) -> ON | T53: =IF($A53="","",IF(COUNTA($K$2:$AO$2)-4,IF(OR(T$4<>"Mon",T$4<>"Tue"),IF(AND($G53="A",$H53="A",$I53="WK "&_xlfn.ISOWEEKNUM($R$2)),$D$1,$E$1)))) -> ON | U53: =IF($A53="","",IF(COUNTA($K$2:$AO$2)-4,IF(OR(U$4<>"Mon",U$4<>"Tue"),IF(AND($G53="B",$H53="B",$I53="WK "&_xlfn.ISOWEEKNUM($R$2)),$D$1,$E$1)))) -> ON | V53: =IF($A53="","",IF(COUNTA($K$2:$AO$2)-4,IF(OR(V$4<>"Mon",V$4<>"Tue"),IF(AND($G53="C",$H53="C",$I53="WK "&_xlfn.ISOWEEKNUM($R$2)),$D$1,$E$1)))) -> ON | W53: =IF($A53="","",IF(COUNTA($K$2:$AO$2)-4,IF(OR(W$4<>"Mon",W$4<>"Tue"),IF(AND($G53="D",$H53="D",$I53="WK "&_xlfn.ISOWEEKNUM($R$2)),$D$1,$E$1)))) -> ON | Y53: =IF($A53="","",IF(COUNTA($K$2:$AO$2)-4,IF(OR(Y$4="Mon",Y$4="Tue"),$E$1,$D$1))) -> ON | Z53: =IF($A53="","",IF(COUNTA($K$2:$AO$2)-4,IF(OR(Z$4="Mon",Z$4="Tue"),$E$1,$D$1))) -> ON | AA53: =IF($A53="","",IF(COUNTA($K$2:$AO$2)-4,IF(OR(AA$4<>"Mon",AA$4<>"Tue"),IF(AND($G53="A",$H53="A",$J53="WK "&_xlfn.ISOWEEKNUM($Y$2)),$D$1,$E$1)))) -> OFF | AB53: =IF($A53="","",IF(COUNTA($K$2:$AO$2)-4,IF(OR(AB$4<>"Mon",AB$4<>"Tue"),IF(AND($G53="B",$H53="B",$J53="WK "&_xlfn.ISOWEEKNUM($Y$2)),$D$1,$E$1)))) -> ON | AC53: =IF($A53="","",IF(COUNTA($K$2:$AO$2)-4,IF(OR(AC$4<>"Mon",AC$4<>"Tue"),IF(AND($G53="C",$H53="C",$J53="WK "&_xlfn.ISOWEEKNUM($Y$2)),$D$1,$E$1)))) -> ON | AD53: =IF($A53="","",IF(COUNTA($K$2:$AO$2)-4,IF(OR(AD$4<>"Mon",AD$4<>"Tue"),IF(AND($G53="D",$H53="D",$J53="WK "&_xlfn.ISOWEEKNUM($Y$2)),$D$1,$E$1)))) -> ON | AF53: =IF($A53="","",IF(COUNTA($K$2:$AO$2)-4,IF(OR(AF$4="Mon",AF$4="Tue"),$E$1,$D$1))) -> ON | AG53: =IF($A53="","",IF(COUNTA($K$2:$AO$2)-4,IF(OR(AG$4="Mon",AG$4="Tue"),$E$1,$D$1))) -> ON | AH53: =IF($A53="","",IF(COUNTA($K$2:$AO$2)-4,IF(OR(AH$4<>"Mon",AH$4<>"Tue"),IF(AND($G53="A",$H53="A",$J53="WK "&_xlfn.ISOWEEKNUM($AF$2)),$D$1,$E$1)))) -> ON | AI53: =IF($A53="","",IF(COUNTA($K$2:$AO$2)-4,IF(OR(AI$4<>"Mon",AI$4<>"Tue"),IF(AND($G53="B",$H53="B",$J53="WK "&_xlfn.ISOWEEKNUM($AF$2)),$D$1,$E$1)))) -> ON | AJ53: =IF($A53="","",IF(COUNTA($K$2:$AO$2)-4,IF(OR(AJ$4<>"Mon",AJ$4<>"Tue"),IF(AND($G53="C",$H53="C",$J53="WK "&_xlfn.ISOWEEKNUM($AF$2)),$D$1,$E$1)))) -> ON | AK53: =IF($A53="","",IF(COUNTA($K$2:$AO$2)-4,IF(OR(AK$4<>"Mon",AK$4<>"Tue"),IF(AND($G53="D",$H53="D",$J53="WK "&_xlfn.ISOWEEKNUM($AF$2)),$D$1,$E$1)))) -> ON | AM53: =IF(COUNTA($K$2:$AO$2)-4,IF(OR(AM$4="Mon",AM$4="Tue"),$E$1,$D$1)) -> ON | AN53: =IF(COUNTA($K$2:$AO$2)-4,IF(OR(AN$4="Mon",AN$4="Tue"),$E$1,$D$1)) -> ON | AO53: =IF(COUNTA($K$2:$AO$2)-4,IF(OR(AO$4="Mon",AO$4="Tue",AO$4="Wed"),$E$1,$D$1)) -> ON
